"Database","ID","Description","setSize","enrichmentScore","NES","pvalue","p.adjust","core_enrichment"
"KEGG","hsa04978","Mineral absorption",59,0.820002953854772,1.8074142611315,8.12309679271955e-05,0.0285120697424456,"23439/4499/4496/4489/4490/4495/6523/4501/4493/4502/9843/645745/6543/7779/4494/261729"
"KEGG","hsa03015","mRNA surveillance pathway",97,0.72433535355532,1.72829970986652,0.000246999191109509,0.0433483580397189,"132430/4440/5522/728343/5521"
"KEGG","hsa04657","IL-17 signaling pathway",89,0.643481987221366,1.51782989547959,0.0104410320583945,0.573316667061695,"4586/338324/1440/6354/6347/112744/3627/64806/3934/1437/3567/3565/5596/7124/3458"
"KEGG","hsa00630","Glyoxylate and dicarboxylate metabolism",31,0.74442189940621,1.49191176416682,0.0291460045564351,0.754326433661351,"112817"
"KEGG","hsa00513","Various types of N-glycan biosynthesis",44,-0.828746565605429,-1.47997276305353,0.00545504187448508,0.486398710879696,"64377/83539/25834"
"KEGG","hsa04217","Necroptosis",155,0.568685104035329,1.47504365244928,0.00554300525219027,0.486398710879696,"255189/90865/115482686/5610/6772/81030/816/6773/3447/8743/3013/10379/7124/51510/105371242/3012/8336/8329/7098/8335/3458/317772/10616/6775/730262/8605/3440/824/3445/3439/3717/8334/834/55072"
"KEGG","hsa05164","Influenza A",164,0.553928995736945,1.4476689250824,0.0108967724233525,0.573316667061695,"90865/7113/6347/3627/91543/4940/4599/4938/728343/4939/3665/5610/6772/4600/6773/23586/56649/64135/3447/8743/5371/10379/7124/7098/3458/103"
"KEGG","hsa03320","PPAR signaling pathway",73,-0.752431400753779,-1.43842647347521,0.0139482521335928,0.573316667061695,"33/28965/6258/2169/2712/2173/2168"
"KEGG","hsa04977","Vitamin digestion and absorption",26,-0.847149229085201,-1.42749150896036,0.022037374512806,0.644593204499577,"337/2346"
"KEGG","hsa04975","Fat digestion and absorption",39,-0.796277637794642,-1.4204140486406,0.0432298456834913,0.754326433661351,"80168/2169/2168/337/84647"
"KEGG","hsa04981","Folate transport and metabolism",27,-0.841102546111521,-1.4168347269425,0.0164279414017871,0.573316667061695,"635/23743/2346/9376"
"KEGG","hsa00510","N-Glycan biosynthesis",56,-0.761636339654998,-1.39991749938863,0.0377358490566038,0.754326433661351,"84620/25834"
"KEGG","hsa04370","VEGF signaling pathway",60,0.653333480465836,1.38900945867988,0.0360562821477727,0.754326433661351,"255189/5535"
"KEGG","hsa03018","RNA degradation",77,0.601383219572662,1.38115502431799,0.044094361051757,0.754326433661351,"132430/87178/5393/54464/645974/340529"
"KEGG","hsa00040","Pentose and glucuronate interconversions",29,-0.804656558646398,-1.36590168024096,0.0479041916167665,0.764289602612956,"7367/10720/441282/54575/54658"
"KEGG","hsa04062","Chemokine signaling pathway",189,0.513617812252667,1.35182695615513,0.0173704116607515,0.573316667061695,"6387/6346/6355/6358/6354/6347/9564/3627/2786/6357/6370/6373/6362/6368/6772/4283/6773"
"KEGG","hsa04915","Estrogen signaling pathway",130,-0.674985925797487,-1.35112662202342,0.0451306413301663,0.754326433661351,"107/4313/3866/112/8687/2911/3884/3763/3760/3880/51806/147183/7031/5241"
"KEGG","hsa04919","Thyroid hormone signaling pathway",122,0.552170805900774,1.34976754018348,0.0179671889962355,0.573316667061695,"1735/53919/23439/2626/4625/6772/7068"
"KEGG","hsa04064","NF-kappa B signaling pathway",103,0.554801714293827,1.34423307314606,0.0309908438939125,0.754326433661351,"6387/3929/6357/7412/23586/10673/7124/8792/10912/959"
"KEGG","hsa04519","Cadherin signaling",377,-0.604633899543435,-1.30360355205888,0.0142274508409311,0.573316667061695,"10186/8687/3791/3884/7477/56131/29119/117531/56144/2563/3888/64405/2569/7473/2566/2557/375612/2560/3880/1004/7082/1830/120114/28513/147183/56134/3890/9119/2555/1006/56143/56128/2559/3853/1009/56137/10083/2567/2195"
"KEGG","hsa05160","Hepatitis C",150,0.499792924571187,1.29386627046732,0.0421048017041432,0.754326433661351,"23562/1365/439996/3627/91543/3434/4940/4599/5522/4938/5521/4939/3665/5610/6772/1950/4600/51208/6773/23586/3447/10379/7124/7098/137075/3458/1956/49861/1026"
"KEGG","hsa05012","Parkinson disease",265,-0.608678108444398,-1.28493667612944,0.0356756756756757,0.754326433661351,"7278/51806/221074/9627/1812/341947"
"Reactome","R-HSA-9943965","CHD3, CHD4, CHD5 subfamily",94,0.711253394000441,1.71976293714508,0.000702761123505354,0.151445022115404,"7026/3018/8968/85509/8368/8339/8366/8347/8354/8364/8343/8340/8970/3013/3017/8363/8359/3012/8335/8356/8349/653604/8357/8351/8348/333932"
"Reactome","R-HSA-5660526","Response to metal ions",14,0.952353923093349,1.69750789245803,9.71805852720997e-05,0.08376966450455,"4499/4496/4489/4490/4495/4501/4493/4502/84560/4494/4504"
"Reactome","R-HSA-9937850","NuRD complex assembly",90,0.713813851842899,1.68730072110523,0.000829423177044815,0.152509811558489,"7026/3018/8968/85509/8368/8339/8366/8347/8354/8364/8343/8340/8970/3013/3017/8363/8359/3012/8335/8356/8349/653604/8357/8351/8348/333932"
"Reactome","R-HSA-877300","Interferon gamma signaling",93,0.719888220388353,1.67761815624013,0.000379582539626586,0.130880059663247,"79097/4502/8638/4940/4938/4939/11074/7412/3665/117854/6772/2633/816/10346/115361/388646/5371/115362/85363/8651/10379/3458/10107/6672/2635/9830/2634/2209/7706/163351/6737/3663/53840/10475/3717"
"Reactome","R-HSA-3214847","HATs acetylate histones",137,0.647338563873539,1.63933768520321,0.000553487727483454,0.143485329165809,"5077/3018/8968/8368/8339/8366/8347/8354/8364/8343/440689/8340/8970/3013/3017/8363/8359/3012/8336/8329/8335/8356/8349/653604/8357/8351/317772/8348/333932"
"Reactome","R-HSA-5661231","Metallothioneins bind metals",11,0.96271434037077,1.6298520068824,7.71218590191339e-05,0.08376966450455,"4499/4496/4489/4490/4495/4501/4493/4502/84560/4494/4504"
"Reactome","R-HSA-201722","Formation of the beta-catenin:TCF transactivating complex",88,0.682700995887813,1.62708357143568,0.00285876556361279,0.203900350814868,"3018/8968/8290/8368/8339/8366/8347/8354/8364/8343/8340/8970/3013/3017/8363/8359/3012/8335/8356/51176/8349/653604/8357/8351/8348/333932"
"Reactome","R-HSA-5693606","DNA Double Strand Break Response",78,0.700156210392243,1.62584129809086,0.00421064798633392,0.224985302162848,"2138/3018/8290/8368/8339/8366/8347/8364/8343/8340/8970/3017/8363/8359/8349/2139/8348"
"Reactome","R-HSA-9940951","Interaction of NuRD complexes with transcription factors",85,0.706968994291916,1.61805000859363,0.00166373109967161,0.19121816105559,"7026/3018/8968/8368/8339/8366/8347/8354/8364/8343/8340/8970/3013/3017/8363/8359/3012/8335/8356/8349/653604/8357/8351/8348/333932"
"Reactome","R-HSA-68875","Mitotic Prophase",137,0.63726781263339,1.61383424241819,0.000884627677253415,0.152509811558489,"3018/8968/8290/8368/8339/8366/8347/8354/8364/8343/8340/8970/3013/3017/8363/8359/3012/8335/8356/8349/653604/8357/8351/8348/333932/7444/8346/8334/23165/84930/8338/8367/85236/8365/64689/554313/8350/8548/8294/8353"
"Reactome","R-HSA-5578749","Transcriptional regulation by small RNAs",72,0.691438778270161,1.60308776943686,0.00793827131736032,0.231958978832698,"3018/8968/8368/8339/8366/8347/8354/8364/8343/8340/8970/3013/3017/8363/8359/3012/8335/8356/8349/653604/8357/8351/8348/333932"
"Reactome","R-HSA-2299718","Condensation of Prophase Chromosomes",69,0.720204646799396,1.60074643053145,0.00144375540478547,0.188579621699525,"3018/8968/8290/8368/8339/8366/8347/8354/8364/8343/8340/8970/3013/3017/8363/8359/3012/8335/8356/8349/653604/8357/8351/8348/333932"
"Reactome","R-HSA-912446","Meiotic recombination",82,0.680303245864361,1.5980761054937,0.0056622970543442,0.224985302162848,"3018/8968/8290/8368/8339/8366/8347/8354/8364/8343/8340/8970/3013/3017/675/8363/8359/3012/8335/8356/8349/653604/8357/8351/8348/333932"
"Reactome","R-HSA-5693565","Recruitment and ATM-mediated phosphorylation of repair and signaling proteins at DNA double strand breaks",77,0.702514949156833,1.5965692033599,0.00353473569848778,0.213737170303634,"2138/3018/8290/8368/8339/8366/8347/8364/8343/8340/8970/3017/8363/8359/8349/2139/8348"
"Reactome","R-HSA-9909649","Regulation of PD-L1(CD274) transcription",95,0.670828046236177,1.59655253614553,0.00249323756905295,0.203900350814868,"3018/8968/8368/8339/8366/6772/8347/8354/8364/467/8343/8340/8970/3013/3017/8363/8359/10413/3012/8335/8356/51176/4613/8349/653604/8357/8351/8348/333932/7005/8346/8334/2034/3659/8338/6934/8367/85236/8365/554313/6932/8350/3091/8294/8353"
"Reactome","R-HSA-9843970","Regulation of endogenous retroelements by the Human Silencing Hub (HUSH) complex",66,0.703821214234911,1.59478557512555,0.00851107720075153,0.232906303080883,"3018/8968/8368/8339/8366/8347/8354/8364/8343/8340/8970/3013/3017/8363/8359/3012/8335/8356/8349/653604/8357/8351/8348/333932"
"Reactome","R-HSA-5625886","Activated PKN1 stimulates transcription of AR (androgen receptor) regulated genes KLK2 and KLK3",62,0.703905101800788,1.58571570777091,0.00986852931686446,0.246570210757599,"3018/8968/8368/8339/8366/8347/8354/8364/8343/8340/8970/3013/3017/8363/8359/3012/8335/8356/8349/653604/8357/8351/8348/333932"
"Reactome","R-HSA-69002","DNA Replication Pre-Initiation",145,0.612455073951268,1.58256074757818,0.00188086421693638,0.202663119374895,"3018/8968/8368/8339/8366/8347/8354/8364/8343/8340/8970/3013/3017/8363/8359/3012/8335/29935/8356/8349/653604/8357/8351/8348/333932/27338/5427/8346/8334/8318/3837/51053/8338/8367/85236/8365/554313/5684/5685/8350/8294/8353/5687"
"Reactome","R-HSA-427359","SIRT1 negatively regulates rRNA expression",63,0.700923466664084,1.58024650384775,0.0130530860229061,0.284024185891987,"3018/8968/8368/8339/8366/8347/8354/8364/8343/8340/8970/3013/3017/8363/8359/3012/8335/8356/8349/653604/8357/8351/8348/333932"
"Reactome","R-HSA-3214815","HDACs deacetylate histones",89,0.670817057931995,1.57585483856263,0.002956791630146,0.203900350814868,"3018/8968/8368/8339/8366/8347/8354/8364/8343/440689/8340/8970/3013/3017/8363/8359/3012/8336/8329/8335/8356/8349/653604/8357/8351/317772/8348/333932"
"Reactome","R-HSA-8979227","Triglyceride metabolism",36,-0.890976146031135,-1.57354011625215,0.000202248114032064,0.116225249530426,"116255/80168/2169/2712/2173/150379/2168"
"Reactome","R-HSA-8939236","RUNX1 regulates transcription of genes involved in differentiation of HSCs",112,0.632756131067099,1.57075204713427,0.00669964717445045,0.224985302162848,"3018/8968/8368/8339/8366/8347/8354/8364/8343/4004/8340/8970/3013/3017/8363/8359/10413/3012/8335/8356/8349/653604/8357/8351/8348/333932/8346/8334/2625/8338/8367/85236/8365/554313/5684/5685/8350/8294/8353/5687"
"Reactome","R-HSA-9940465","ChAHP complex assembly",58,0.716424148969484,1.57069993844985,0.0111953904014849,0.259597701802198,"3018/8968/8368/8339/8366/8347/8354/8364/8343/8340/8970/3013/3017/8363/8359/3012/8335/8356/8349/653604/8357/8351/8348/333932"
"Reactome","R-HSA-73772","RNA Polymerase I Promoter Escape",86,0.667873944936133,1.56117445268685,0.00625905404080946,0.224985302162848,"3018/8968/8368/8339/8366/8347/8354/8364/8343/8340/8970/3013/3017/8363/8359/3012/8335/8356/8349/653604/8357/8351/8348/333932"
"Reactome","R-HSA-171306","Packaging Of Telomere Ends",49,0.717695726769211,1.56028334275013,0.013349225820402,0.284024185891987,"3018/8290/8368/8339/8366/8347/8364/8343/8340/8970/3013/3017/8363/8359/3012/8335/8349"
"Reactome","R-HSA-427389","ERCC6 (CSB) and EHMT2 (G9a) positively regulate rRNA expression",71,0.691978943951537,1.55941698784297,0.00490099911354964,0.224985302162848,"3018/8968/8368/8339/8366/8347/8354/8364/8343/8340/8970/3013/3017/8363/8359/3012/8335/8356/8349/653604/8357/8351/8348/333932"
"Reactome","R-HSA-9937848","CHD chromatin remodelers",152,0.621415754655282,1.55826007886626,0.00228267518160316,0.203900350814868,"7026/3018/8968/85509/8368/8339/8366/8347/8354/8364/8343/8340/8970/3013/3017/8363/8359/3012/8335/8356/8349/653604/8357/8351/8348/333932"
"Reactome","R-HSA-73728","RNA Polymerase I Promoter Opening",58,0.709218625828453,1.55490243250257,0.0137438836166142,0.285475365723408,"3018/8968/8368/8339/8366/8347/8354/8364/8343/8340/8970/3013/3017/8363/8359/3012/8335/8356/8349/653604/8357/8351/8348/333932"
"Reactome","R-HSA-9831926","Nephron development",9,0.925549169095355,1.55387521612624,0.0103528100710777,0.249687357890236,"5455/6928"
"Reactome","R-HSA-68616","Assembly of the ORC complex at the origin of replication",64,0.698273576723135,1.54792424602906,0.00905433248813901,0.233855126970153,"3018/8968/8368/8339/8366/8347/8354/8364/8343/8340/8970/3013/3017/8363/8359/3012/8335/8356/8349/653604/8357/8351/8348/333932"
"Reactome","R-HSA-9970672","FXIIa activates plasma kallikrein-kinin system",64,0.698139369505525,1.5476267371256,0.00905433248813901,0.233855126970153,"3018/8968/710/8368/8339/8366/8347/8354/8364/8343/8340/8970/3013/3017/8363/8359/3012/3273/8335/8356/8349/653604/8357/8351/8348/333932"
"Reactome","R-HSA-8936459","RUNX1 regulates genes involved in megakaryocyte differentiation and platelet function",91,0.650679028649451,1.54710142793207,0.00459453419203354,0.224985302162848,"3018/8968/8368/8339/8366/8347/8354/8364/8343/8340/4343/8970/3013/3017/8363/8359/3012/8335/8356/8349/653604/8357/8351/8348/333932/8346/8013/8334/8338/5588/8367/85236/8365/554313/8350/3674/8294/8353"
"Reactome","R-HSA-5250913","Positive epigenetic regulation of rRNA expression",101,0.642563045897332,1.5461790513676,0.00605874685901489,0.224985302162848,"3018/8968/8368/8339/8366/8347/8354/8364/8343/8340/8970/3013/3017/8363/8359/3012/8335/8356/8349/653604/8357/8351/8348/333932"
"Reactome","R-HSA-5250924","B-WICH complex positively regulates rRNA expression",86,0.661449276205677,1.54615660573383,0.00788739365226554,0.231958978832698,"3018/8968/8368/8339/8366/8347/8354/8364/8343/8340/8970/3013/3017/8363/8359/3012/8335/8356/8349/653604/8357/8351/8348/333932"
"Reactome","R-HSA-68867","Assembly of the pre-replicative complex",128,0.62709320574238,1.54521913985039,0.00403388765182745,0.224336203604856,"3018/8968/8368/8339/8366/8347/8354/8364/8343/8340/8970/3013/3017/8363/8359/3012/8335/8356/8349/653604/8357/8351/8348/333932/27338/8346/8334/3837/51053/8338/8367/85236/8365/554313/5684/5685/8350/8294/8353/5687"
"Reactome","R-HSA-9710421","Defective pyroptosis",68,0.685435052412349,1.54154899419231,0.0103114174211365,0.249687357890236,"3018/8968/8368/8339/8366/8347/8354/8364/8343/8340/8970/3013/3017/8363/8359/3012/8335/8356/8349/653604/8357/8351/8348/333932"
"Reactome","R-HSA-5334118","DNA methylation",60,0.699929770984024,1.54086318870823,0.0158077613449064,0.320618594807278,"3018/8968/8368/8339/8366/8347/8354/8364/8343/8340/8970/3013/3017/8363/8359/3012/8335/29947/8356/8349/653604/8357/8351/8348/333932"
"Reactome","R-HSA-427413","NoRC negatively regulates rRNA expression",101,0.638191065048784,1.53565889269342,0.00691660151660729,0.224985302162848,"3018/8968/8368/8339/8366/8347/8354/8364/8343/8340/8970/3013/3017/8363/8359/3012/8335/8356/8349/653604/8357/8351/8348/333932"
"Reactome","R-HSA-9909505","Modulation of host responses by IFN-stimulated genes",17,0.846193327793056,1.53554906983216,0.0196493100809204,0.352868860203196,"10964/10561/9636/51191/23586/64135/9246/7706/7318"
"Reactome","R-HSA-1500620","Meiosis",114,0.623904455052266,1.53521474761983,0.0060417509532313,0.224985302162848,"3018/8968/8290/8368/8339/8366/8347/8354/8364/8343/8340/8970/3013/3017/675/8363/8359/3012/9985/8335/8356/8349/3306/653604/8357/8351/8348/333932"
"Reactome","R-HSA-73854","RNA Polymerase I Promoter Clearance",105,0.638250500160541,1.53156642121506,0.00521449782002151,0.224985302162848,"3018/8968/8368/8339/8366/8347/8354/8364/8343/8340/8970/3013/3017/8363/8359/3012/8335/8356/8349/653604/8357/8351/8348/333932"
"Reactome","R-HSA-9610379","HCMV Late Events",111,0.631807854398798,1.52952578218199,0.00636900158640583,0.224985302162848,"3018/8968/8368/8339/8366/8347/8354/8364/8343/440689/8340/8970/3013/3017/8363/8359/3012/8336/8329/8335/8356/8349/653604/8357/8351/317772/8348/333932"
"Reactome","R-HSA-1912408","Pre-NOTCH Transcription and Translation",90,0.647061264441841,1.52951212038439,0.00688302578108978,0.224985302162848,"3018/8968/8368/8339/8366/8347/8354/8364/8343/8340/4343/8970/3013/3017/8363/8359/3012/8335/8356/8349/653604/8357/8351/8348/333932"
"Reactome","R-HSA-9843940","Regulation of endogenous retroelements by KRAB-ZFP proteins",103,0.629725761419461,1.52943870660973,0.00513743627588326,0.224985302162848,"3018/8968/8368/8339/8366/8347/8354/8364/8343/8340/8970/3013/3017/8363/8359/3012/8335/8356/8349/653604/8357/8351/8348/333932"
"Reactome","R-HSA-212300","PRC2 methylates histones and DNA",71,0.678295485358617,1.5285804747254,0.00823169173796557,0.232906303080883,"3018/8968/8368/8339/8366/8347/8354/8364/8343/8340/8970/3013/3017/8363/8359/3012/8335/8356/8349/653604/8357/8351/8348/333932"
"Reactome","R-HSA-9670095","Inhibition of DNA recombination at telomere",65,0.689907141472944,1.52805751888534,0.0166032134566546,0.32553967362434,"3018/8290/8368/8339/8366/8347/8364/8343/8340/8970/3013/3017/8363/8359/3012/8335/8349"
"Reactome","R-HSA-1912422","Pre-NOTCH Expression and Processing",106,0.627743936711436,1.52693620947162,0.00754911105196399,0.231958978832698,"3018/8968/8368/8339/8366/8347/8354/8364/8343/8340/4343/8970/3013/3017/8363/8359/3012/8335/8356/8349/653604/8357/8351/8348/333932"
"Reactome","R-HSA-8866907","Activation of the TFAP2 (AP-2) family of transcription factors",11,-0.962409335800771,-1.52488296842625,0.000332834439144892,0.130880059663247,"83741/7022"
"Reactome","R-HSA-73864","RNA Polymerase I Transcription",106,0.626890163092241,1.52485947439287,0.00779067753244228,0.231958978832698,"3018/8968/8368/8339/8366/8347/8354/8364/8343/8340/8970/3013/3017/8363/8359/3012/8335/8356/8349/653604/8357/8351/8348/333932"
"Reactome","R-HSA-9845323","Regulation of endogenous retroelements by Piwi-interacting RNAs (piRNAs)",93,0.653749692666597,1.52348979048752,0.00476744676915308,0.224985302162848,"3018/8968/8368/8339/8366/8347/8354/8364/8343/8340/8970/3013/3017/8363/8359/3012/8335/29947/8356/8349/653604/8357/8351/8348/333932"
"Reactome","R-HSA-9932444","ATP-dependent chromatin remodelers",183,0.584795896849622,1.52265661678368,0.00123051937154791,0.17678461637905,"7026/3018/8968/85509/8368/8339/8366/8347/8354/8364/8343/8340/8970/3013/3017/8363/8359/3012/8335/8356/8349/653604/8357/8351/8348/333932"
"Reactome","R-HSA-73884","Base Excision Repair",88,0.638754322654869,1.52234531784109,0.0104277782877593,0.249687357890236,"3018/8290/8368/8339/8366/8347/8364/8343/8340/8970/3013/3017/8363/8359/3012/8335/8349"
"Reactome","R-HSA-9943411","CHD1 and CHD2 subfamily",96,0.645659159904567,1.52049386752337,0.00682805895361032,0.224985302162848,"3018/8968/8368/8339/8366/8347/8354/8364/8343/8340/8970/3013/3017/8363/8359/3012/8335/8356/8349/653604/8357/8351/8348/333932"
"Reactome","R-HSA-9645723","Diseases of programmed cell death",98,0.636548072745362,1.51712896516186,0.00649499043311095,0.224985302162848,"3018/8968/8368/8339/8366/8347/8354/8364/8343/8340/8970/3013/3017/8363/8359/3012/8335/8356/8349/653604/8357/8351/8348/333932/824/8346/8334/84290/197259/8338/8367/85236/8365/8737/554313/11035/8350/8294/8353"
"Reactome","R-HSA-5693532","DNA Double-Strand Break Repair",170,0.603413834406616,1.51710113156696,0.00344395874711117,0.213737170303634,"2138/3018/8290/8900/8368/8339/8366/8347/8364/116028/8343/8340/8970/3017/675/8363/8359/8349/2139/8348/2070/5427/8346/890/580/4683/83990/8914/8367/85236/8365/554313/5932/10635/8294/5429/63967/64421/10721/5890/7518/5111/10111/545/9025/55183"
"Reactome","R-HSA-5625740","RHO GTPases activate PKNs",89,0.645699089636173,1.51684877810874,0.00611165220217454,0.224985302162848,"3018/8968/8368/8339/8366/8347/8354/8364/8343/8340/8970/3013/3017/8363/8359/3012/8335/8356/8349/653604/8357/8351/8348/333932/388"
"Reactome","R-HSA-73929","Base-Excision Repair, AP Site Formation",60,0.687150726984359,1.51273071127655,0.0199457605682091,0.354499909480335,"3018/8290/8368/8339/8366/8347/8364/8343/8340/8970/3013/3017/8363/8359/3012/8335/8349"
"Reactome","R-HSA-5693607","Processing of DNA double-strand break ends",97,0.632519817974855,1.51128116940196,0.00838238276830023,0.232906303080883,"3018/8290/8900/8368/8339/8366/8347/8364/116028/8343/8340/8970/3017/8363/8359/8349/8348/8346/890/580/4683/83990/8914/8367/85236/8365/554313/5932"
"Reactome","R-HSA-9616222","Transcriptional regulation of granulopoiesis",85,0.660011108961014,1.5105768274829,0.00922398412643296,0.233855126970153,"3018/8968/8368/8339/8366/8347/8354/8364/8343/8340/8970/3013/5371/3017/8363/8359/3012/8335/8356/1026/51176/8349/653604/8357/8351/8348/333932"
"Reactome","R-HSA-110328","Recognition and association of DNA glycosylase with site containing an affected pyrimidine",58,0.688275893403019,1.50898724583708,0.0249345560945713,0.408121202568418,"3018/8290/8368/8339/8366/8347/8364/8343/8340/8970/3013/3017/8363/8359/3012/8335/8349"
"Reactome","R-HSA-110329","Cleavage of the damaged pyrimidine",58,0.688275893403019,1.50898724583708,0.0249345560945713,0.408121202568418,"3018/8290/8368/8339/8366/8347/8364/8343/8340/8970/3013/3017/8363/8359/3012/8335/8349"
"Reactome","R-HSA-73928","Depyrimidination",58,0.688275893403019,1.50898724583708,0.0249345560945713,0.408121202568418,"3018/8290/8368/8339/8366/8347/8364/8343/8340/8970/3013/3017/8363/8359/3012/8335/8349"
"Reactome","R-HSA-8866904","Negative regulation of activity of TFAP2 (AP-2) family transcription factors",9,-0.956373775859123,-1.50793516164649,0.00280939102497833,0.203900350814868,"83741/7022"
"Reactome","R-HSA-69306","DNA Replication",180,0.575613964798471,1.50666697420587,0.00219389911568062,0.203900350814868,"3018/8968/8900/8368/8339/8366/8347/8354/8364/8343/8340/8970/3013/3017/8363/8359/3012/8335/29935/8356/8349/653604/8357/8351/8348/333932/27338/5427/8346/890/8334/8318/3837/51053/8338/8367/85236/8365/554313/5684/5685/8350/8294/8353/5687"
"Reactome","R-HSA-163560","Triglyceride catabolism",22,-0.915593462605869,-1.50499509650231,0.000582597044176718,0.143485329165809,"2169/2173/150379/2168"
"Reactome","R-HSA-69473","G2/M DNA damage checkpoint",96,0.638533343660246,1.50371293948358,0.00838238276830023,0.232906303080883,"3018/8290/8900/8368/8339/8366/8347/8364/116028/8343/8340/8970/3017/8363/8359/8349"
"Reactome","R-HSA-5250941","Negative epigenetic regulation of rRNA expression",104,0.634112852774497,1.50174247734094,0.00359534683225371,0.213737170303634,"3018/8968/8368/8339/8366/8347/8354/8364/8343/8340/8970/3013/3017/8363/8359/3012/8335/8356/8349/653604/8357/8351/8348/333932"
"Reactome","R-HSA-110330","Recognition and association of DNA glycosylase with site containing an affected purine",53,0.703047704973493,1.50150267033693,0.0192661495811316,0.349629914503903,"3018/8290/8368/8339/8366/8347/8364/8343/8340/8970/3013/3017/8363/8359/3012/8335/8349"
"Reactome","R-HSA-110331","Cleavage of the damaged purine",53,0.703047704973493,1.50150267033693,0.0192661495811316,0.349629914503903,"3018/8290/8368/8339/8366/8347/8364/8343/8340/8970/3013/3017/8363/8359/3012/8335/8349"
"Reactome","R-HSA-73927","Depurination",53,0.703047704973493,1.50150267033693,0.0192661495811316,0.349629914503903,"3018/8290/8368/8339/8366/8347/8364/8343/8340/8970/3013/3017/8363/8359/3012/8335/8349"
"Reactome","R-HSA-70221","Glycogen breakdown (glycogenolysis)",17,0.826095305193003,1.49907808986182,0.0366983456190643,0.500325037147103,"8908"
"Reactome","R-HSA-400511","Synthesis, secretion, and inactivation of Glucose-dependent Insulinotropic Polypeptide (GIP)",11,0.883724622710977,1.49612433248076,0.0325515718358431,0.463792643347054,"139760/2626"
"Reactome","R-HSA-8864260","Transcriptional regulation by the AP-2 (TFAP2) family of transcription factors",35,-0.867551431589265,-1.49601104063333,0.00262224691594309,0.203900350814868,"94115/83741/7022"
"Reactome","R-HSA-9843745","Adipogenesis",106,0.614944565830383,1.4958027779659,0.0112934035006757,0.259597701802198,"7026/64641/23090/85441/83401/7124"
"Reactome","R-HSA-157579","Telomere Maintenance",110,0.628086523929097,1.49518316219857,0.00637275610162988,0.224985302162848,"3018/8290/8900/8368/8339/8366/8347/8364/8343/8340/8970/3013/3017/8363/8359/3012/8335/8349"
"Reactome","R-HSA-9839383","TGFBR3 PTM regulation",11,-0.943270719175519,-1.49455891664759,0.0049483061710445,0.224985302162848,"4325"
"Reactome","R-HSA-2559582","Senescence-Associated Secretory Phenotype (SASP)",107,0.614159137877481,1.49080303741741,0.00755338369363343,0.231958978832698,"3018/8968/8900/8368/8339/8366/8347/8354/8364/8343/8340/8970/3013/3017/8363/8359/3012/8335/8356/1026/8349/653604/8357/8351/8348/333932/27338/8346/890/8334"
"Reactome","R-HSA-9943962","CHD6, CHD7, CHD8, CHD9 subfamily",72,0.642220844250153,1.48897691747999,0.0279150697268704,0.422154212360742,"3018/8968/8368/8339/8366/8347/8354/8364/8343/8340/8970/3013/3017/8363/8359/3012/8335/8356/8349/653604/8357/8351/8348/333932"
"Reactome","R-HSA-5617472","Activation of anterior HOX genes in hindbrain development during early embryogenesis",117,0.598874050220263,1.4873063889447,0.0133909914892257,0.284024185891987,"3018/8968/8368/8339/8366/8347/8354/8364/8343/8340/8970/3013/3017/8363/3231/8359/3012/8335/8356/8349/653604/8357/8351/8348/333932"
"Reactome","R-HSA-5619507","Activation of HOX genes during differentiation",117,0.598874050220263,1.4873063889447,0.0133909914892257,0.284024185891987,"3018/8968/8368/8339/8366/8347/8354/8364/8343/8340/8970/3013/3017/8363/3231/8359/3012/8335/8356/8349/653604/8357/8351/8348/333932"
"Reactome","R-HSA-3232118","SUMOylation of transcription factors",18,-0.912469019654086,-1.48666427732294,0.00240884904310962,0.203900350814868,"7022"
"Reactome","R-HSA-69481","G2/M Checkpoints",156,0.575509224725874,1.48660878803103,0.00752513065796942,0.231958978832698,"3018/8290/8900/8368/8339/8366/8347/8364/116028/8343/8340/8970/3017/8363/8359/8349/8348/8346/890/8318/580/4683/83990/8367/85236/8365/554313/5684/5932/5685/8294/5687/63967/5686/10111/545/9025"
"Reactome","R-HSA-9842860","Regulation of endogenous retroelements",138,0.587404894448403,1.48478618515846,0.00326090254130718,0.213737170303634,"3018/8968/8368/8339/8366/8347/8354/8364/8343/8340/8970/3013/3017/8363/8359/3012/8335/29947/8356/8349/653604/8357/8351/8348/333932"
"Reactome","R-HSA-5693571","Nonhomologous End-Joining (NHEJ)",68,0.660031846281513,1.48441697749368,0.017416630753253,0.329959026578113,"3018/8290/8368/8339/8366/8347/8364/8343/8340/8970/3017/8363/8359/8349"
"Reactome","R-HSA-1221632","Meiotic synapsis",76,0.637529155010908,1.47830864148002,0.0163314817938888,0.32553967362434,"3018/8290/8368/8339/8366/8347/8364/8343/8340/8970/3013/3017/8363/8359/3012/9985/8335/8349/3306"
"Reactome","R-HSA-189445","Metabolism of porphyrins",24,-0.875704520440266,-1.47777256540834,0.00901238587605777,0.233855126970153,"2168/54658"
"Reactome","R-HSA-2173793","Transcriptional activity of SMAD2/SMAD3:SMAD4 heterotrimer",51,0.676227227983504,1.47205047030611,0.028412244414077,0.425936603216249,"23439/6772/1278/5054"
"Reactome","R-HSA-9762292","Regulation of CDH11 function",11,-0.928870052278343,-1.47174187729789,0.01452012715934,0.298008324079787,"1006/1009"
"Reactome","R-HSA-73886","Chromosome Maintenance",138,0.58196367249685,1.47103238218474,0.00380945076595782,0.218916437350376,"3018/8290/8900/8368/8339/8366/8347/8364/8343/8340/8970/3013/3017/8363/8359/3012/8335/8349"
"Reactome","R-HSA-2173795","Downregulation of SMAD2/3:SMAD4 transcriptional activity",30,0.761250297980064,1.47074655902989,0.042734950486287,0.533878359965317,"23439/6772"
"Reactome","R-HSA-8854050","FBXL7 down-regulates AURKA during mitotic entry and in early mitosis",42,-0.820188761560695,-1.4706207353202,0.0134867961639218,0.284024185891987,"23194"
"Reactome","R-HSA-380972","Energy dependent regulation of mTOR by LKB1-AMPK",29,-0.851102252370497,-1.46587326997907,0.0108043603054398,0.255160509131208,"5563"
"Reactome","R-HSA-5693567","HDR through Homologous Recombination (HRR) or Single Strand Annealing (SSA)",134,0.583847630990714,1.45917050980857,0.00920716435652269,0.233855126970153,"3018/8290/8900/8368/8339/8366/8347/8364/116028/8343/8340/8970/3017/675/8363/8359/8349/8348/5427/8346/890/580/4683/83990/8914/8367/85236/8365/554313/5932/10635/8294/5429/63967/5890/5111/10111/545/9025"
"Reactome","R-HSA-9764260","Regulation of Expression and Function of Type II Classical Cadherins",31,-0.846508079511811,-1.45902146811668,0.0135092710227047,0.284024185891987,"27319/28513/1006/1009"
"Reactome","R-HSA-9764790","Positive Regulation of CDH1 Gene Transcription",11,-0.92081997751312,-1.4589869907362,0.0217831579653254,0.379334993254758,"93986/3170"
"Reactome","R-HSA-9694548","Maturation of spike protein",41,-0.810096283059626,-1.45070525571562,0.0166343175464203,0.32553967362434,"25834"
"Reactome","R-HSA-9827857","Specification of primordial germ cells",12,-0.936863362974233,-1.44626740050364,0.00674363024082269,0.224985302162848,"10630/7022"
"Reactome","R-HSA-5654743","Signaling by FGFR4",38,-0.801514049541312,-1.44585145554222,0.0386618969582342,0.51271623350766,"26281/8823"
"Reactome","R-HSA-5654741","Signaling by FGFR3",39,-0.791960958416423,-1.44219056327982,0.0367184230923188,0.500325037147103,"26281/8823"
"Reactome","R-HSA-5693538","Homology Directed Repair",140,0.581971170002383,1.43873968379452,0.00658086720301326,0.224985302162848,"3018/8290/8900/8368/8339/8366/8347/8364/116028/8343/8340/8970/3017/675/8363/8359/8349/8348/5427/8346/890/580/4683/83990/8914/8367/85236/8365/554313/5932/10635/8294/5429/63967/10721/5890/5111/10111/545/9025"
"Reactome","R-HSA-5610783","Degradation of GLI2 by the proteasome",47,-0.789160646977321,-1.43475944292624,0.0269592954225109,0.418719146922601,"2736"
"Reactome","R-HSA-2160916","Hyaluronan degradation",15,-0.889985299067506,-1.43409639054311,0.042650279490917,0.533878359965317,"23553"
"Reactome","R-HSA-5654733","Negative regulation of FGFR4 signaling",28,-0.826847117632021,-1.42447439256079,0.0258730927895295,0.409222128157329,"26281/8823"
"Reactome","R-HSA-5654732","Negative regulation of FGFR3 signaling",28,-0.82631965402133,-1.42356568962114,0.037147102526003,0.500325037147103,"26281/8823"
"Reactome","R-HSA-9619483","Activation of AMPK downstream of NMDARs",31,-0.824918314781916,-1.42180985608969,0.0243164337206436,0.408121202568418,"7278/5563"
"Reactome","R-HSA-9759475","Regulation of CDH11 Expression and Function",28,-0.824526724550257,-1.42047686937281,0.037147102526003,0.500325037147103,"27319/1006/1009"
"Reactome","R-HSA-2142845","Hyaluronan metabolism",19,-0.876269522659456,-1.42010309489537,0.0172434767142727,0.329959026578113,"3037/23553"
"Reactome","R-HSA-73894","DNA Repair",331,0.510928098907698,1.41835389441633,0.00102492747558734,0.160634087992053,"2138/3018/8290/9636/8900/8368/8339/8366/8347/8364/116028/8343/9246/8340/8970/3013/3017/675/8363/8359/3012/8335/51514/8349/2139/7706/8348/7318/55120/2070/5427/8346/890"
"Reactome","R-HSA-9662361","Sensory processing of sound by outer hair cells of the cochlea",52,-0.780659016041924,-1.41664029620008,0.0168057024086811,0.32553967362434,"129446/117531/643226/283310/10083"
"Reactome","R-HSA-140342","Apoptosis induced DNA fragmentation",13,-0.903895650944985,-1.41551210838399,0.0133554165048575,0.284024185891987,"3024"
"Reactome","R-HSA-5654716","Downstream signaling of activated FGFR4",24,-0.838689602033309,-1.41530899504202,0.0416024653312789,0.531278890600924,"26281/8823"
"Reactome","R-HSA-5654708","Downstream signaling of activated FGFR3",24,-0.838147463691775,-1.41439412347396,0.0416024653312789,0.531278890600924,"26281/8823"
"Reactome","R-HSA-975577","N-Glycan antennae elongation",14,-0.88885501699972,-1.4109129214491,0.0233336906606182,0.402272826989057,"25834"
"Reactome","R-HSA-5362517","Signaling by Retinoic Acid",40,-0.793360732516222,-1.40944908187833,0.0406169861094563,0.526493865057914,"6258/1381/126"
"Reactome","R-HSA-4839726","Chromatin organization",366,0.492844955943325,1.40914615879603,0.00153138903932329,0.188579621699525,"7026/5077/3018/8968/85509/8368/8339/8366/8347/8354/8364/8343/440689/8340/55693/8970/3013/3017/8363/8359/3012/8336/8329/8335/8356/8349/653604/8357/8351/317772/8348/333932"
"Reactome","R-HSA-189483","Heme degradation",12,-0.9103868906104,-1.40539478196236,0.0294133034344647,0.433406283085617,"2168/54658"
"Reactome","R-HSA-5655332","Signaling by FGFR3 in disease",21,-0.844994920290327,-1.4040179547364,0.0482769187569447,0.562944519842039,"26281/8823"
"Reactome","R-HSA-913531","Interferon Signaling",258,0.51843786848748,1.40258212304955,0.0046955210468791,0.224985302162848,"79097/4502/10964/11274/10561/8638/9636/4940/4938/51191/4939/11074/7412/3665/117854/5610/8519/6772/2633/816/10346/6773/115361/23586/388646/64135/9246/5371/115362/85363/8651/10379/3458/10107/6672/2635/3306/9830/2634/2209/7706/3304/163351/6737/7318/55120/3440/3445/3663/53840/10475/3717/834/112714/7726/3303/5696/3837/23165/3664/10437/8877/3659"
"Reactome","R-HSA-5365859","RA biosynthesis pathway",22,-0.848054443791329,-1.39397869425631,0.0351689540126147,0.49293720908738,"1381/126"
"Reactome","R-HSA-606279","Deposition of new CENPA-containing nucleosomes at the centromere",71,0.618507051100688,1.39384357142321,0.0275383300264797,0.42014230943054,"3018/8368/8339/8366/8347/8364/8343/8340/8970/3013/3017/8363/8359/3012/8335/8349"
"Reactome","R-HSA-774815","Nucleosome assembly",71,0.618507051100688,1.39384357142321,0.0275383300264797,0.42014230943054,"3018/8368/8339/8366/8347/8364/8343/8340/8970/3013/3017/8363/8359/3012/8335/8349"
"Reactome","R-HSA-8866910","TFAP2 (AP-2) family regulates transcription of growth factors and their receptors",13,-0.88879829266819,-1.39186945292583,0.0427350427350427,0.533878359965317,"94115/7022"
"Reactome","R-HSA-2559584","Formation of Senescence-Associated Heterochromatin Foci (SAHF)",16,-0.883007867841363,-1.3887859963095,0.0382066427443051,0.510606605358,"3024"
"Reactome","R-HSA-977443","GABA receptor activation",54,-0.751266959676181,-1.38768787604315,0.0363881401617251,0.500325037147103,"3768/55970/112/3763/3760/2569/2566/2557/2560/3773/2555/2559/2567"
"Reactome","R-HSA-5654720","PI-3K cascade:FGFR4",17,-0.860831956276152,-1.38743581566427,0.0459965928449744,0.550681431005111,"26281/8823"
"Reactome","R-HSA-5654710","PI-3K cascade:FGFR3",17,-0.860261839553943,-1.38651693671963,0.0477001703577513,0.562944519842039,"26281/8823"
"Reactome","R-HSA-1445148","Translocation of SLC2A4 (GLUT4) to the plasma membrane",74,-0.717740368088643,-1.38161187018039,0.0344827586206897,0.48728094968909,"347688/6517/7278/5563"
"Reactome","R-HSA-9679191","Potential therapeutics for SARS",99,-0.694530700692636,-1.38150978794126,0.0396039603960396,0.521200211624216,"477/5349/53828"
"Reactome","R-HSA-5654712","FRS-mediated FGFR4 signaling",19,-0.851910562950556,-1.38062638918266,0.049306625577812,0.562944519842039,"26281/8823"
"Reactome","R-HSA-9864848","Complex IV assembly",48,-0.765705039212185,-1.38045249201855,0.0400552486187845,0.52314582286958,"341947"
"Reactome","R-HSA-5654706","FRS-mediated FGFR3 signaling",19,-0.851351804713199,-1.3797208523796,0.049306625577812,0.562944519842039,"26281/8823"
"Reactome","R-HSA-2559580","Oxidative Stress Induced Senescence",120,0.563724380926801,1.37867010676301,0.02373794308037,0.405190236342157,"3018/8968/8368/8339/8366/8347/8354/8364/8343/8340/4343/8970/3013/3017/8363/8359/3012/8335/8356/8349/653604/8357/8351/8348/333932/23043"
"Reactome","R-HSA-8878166","Transcriptional regulation by RUNX2",104,-0.690911144654901,-1.37711158064851,0.0290465408192729,0.431691692865746,"25925/579/7291/2736/1750/9358"
"Reactome","R-HSA-9818564","Epigenetic regulation of gene expression by MLL3 and MLL4 complexes",129,0.555740681376624,1.37708018756455,0.0255667574694832,0.408121202568418,"3018/8968/8368/8339/8366/8347/8354/8364/8343/8340/8970/3013/3017/8363/8359/3012/8335/8356/8349/653604/8357/63924/8351/8348/333932"
"Reactome","R-HSA-9841922","MLL4 and MLL3 complexes regulate expression of PPARG target genes in adipogenesis and hepatic steatosis",129,0.555740681376624,1.37708018756455,0.0255667574694832,0.408121202568418,"3018/8968/8368/8339/8366/8347/8354/8364/8343/8340/8970/3013/3017/8363/8359/3012/8335/8356/8349/653604/8357/63924/8351/8348/333932"
"Reactome","R-HSA-9851695","Epigenetic regulation of adipogenesis genes by MLL3 and MLL4 complexes",129,0.555740681376624,1.37708018756455,0.0255667574694832,0.408121202568418,"3018/8968/8368/8339/8366/8347/8354/8364/8343/8340/8970/3013/3017/8363/8359/3012/8335/8356/8349/653604/8357/63924/8351/8348/333932"
"Reactome","R-HSA-9917777","Epigenetic regulation by WDR5-containing histone modifying complexes",161,0.52811715789568,1.37639716107162,0.0320308869040278,0.460177075187866,"3018/8968/8368/8339/8366/8347/8354/8364/8343/8340/8970/3013/3017/8363/8359/3012/8335/8356/8349/653604/8357/63924/8351/8348/333932"
"Reactome","R-HSA-3371497","HSP90 chaperone cycle for steroid hormone receptors (SHR) in the presence of ligand",56,-0.742962872152035,-1.36948610901536,0.0490716180371353,0.562944519842039,"7278/5241"
"Reactome","R-HSA-3247509","Chromatin modifying enzymes",266,0.507316387198345,1.36661942537715,0.00247602187899172,0.203900350814868,"5077/3018/8968/8368/8339/8366/8347/8354/8364/8343/440689/8340/55693/8970/3013/3017/8363/8359/3012/8336/8329/8335/8356/8349/653604/8357/8351/317772/8348/333932"
"Reactome","R-HSA-3214858","RMTs methylate histone arginines",73,0.601006260527023,1.36418738024292,0.0477477416297363,0.562944519842039,"8968/8368/8366/8354/8364/3013/8363/8359/3012/8336/8329/8335/8356/653604/8357/8351/317772/333932/3717/8334/8338/8367/8365/554313/8350/8294/8353"
"Reactome","R-HSA-416482","G alpha (12/13) signalling events",79,-0.713596495479558,-1.36381179111293,0.0445026178010471,0.544131298503583,"55970/25791/146/148/22899"
"Reactome","R-HSA-9931269","AMPK-induced ERAD and lysosome mediated degradation of PD-L1(CD274)",55,-0.73636191871785,-1.36158340841488,0.0458839406207827,0.550681431005111,"5563"
"Reactome","R-HSA-9711123","Cellular response to chemical stress",196,-0.650197532779496,-1.35894047478995,0.0203100096396314,0.357290373660454,"257202/5563/2168/2880/341947"
"Reactome","R-HSA-5628897","TP53 Regulates Metabolic Genes",84,-0.692863497628281,-1.35564181215572,0.0432020330368488,0.535829532054153,"5563/341947"
"Reactome","R-HSA-9707564","Cytoprotection by HMOX1",60,-0.720828410081631,-1.35412755104993,0.0457604306864065,0.550681431005111,"2168/341947"
"Reactome","R-HSA-8878171","Transcriptional regulation by RUNX1",219,0.497376995240163,1.3441683340737,0.0265758180957127,0.416515549063715,"3018/8968/3977/5275/8368/1437/8339/8366/8347/8354/8364/8343/4004/8340/4343/8970/3013/5371/3017/8363/8359/10413/3012/8335/3458/8356/1515/8349/653604/8357/8351/8348/333932/1493/3562/8346/8013/8334"
"Reactome","R-HSA-8978868","Fatty acid metabolism",172,-0.650930800872805,-1.34000483424767,0.0298507462686567,0.436124462433595,"9536/242/3293/4051/134526/7069/59344/33/158833/1800/1544/247/5444/253017/5563/1579/5446"
"Reactome","R-HSA-416476","G alpha (q) signalling events",202,-0.623403929258611,-1.30175714739952,0.043859649122807,0.540100250626566,"2791/2862/128674/2147/2693/10316/846/4935/3827/1608/9162/55970/2847/9630/2911/2846/624/623/3814/1909/552/1607/56923/146/4829/3358/129521/148"
"Reactome","R-HSA-9609690","HCMV Early Events",132,0.512781854632408,1.27423136845035,0.048600832835054,0.562944519842039,"3018/8968/8368/8339/8366/8347/8354/8364/8343/440689/8340/8970/3013/5371/3017/8363/8359/3012/8336/8329/8335/1956/8356/8349/653604/8357/8351/317772/8348/333932"
"Reactome","R-HSA-112316","Neuronal System",388,-0.590288136489799,-1.26658562773941,0.0314960020394246,0.456295021142588,"22999/107/347688/139065/26050/3752/2890/3768/2899/6538/55970/3788/6616/6857/112/50944/2571/2911/27330/2900/10052/2741/56659/2904/3763/4916/3760/55799/2903/10060/5789/2569/2566/9369/80059/2557/2560/781/3773/7278/27133/348980/1103/2555/10369/84631/3744/6572/5563/22829/2559/2567"
"Reactome","R-HSA-69620","Cell Cycle Checkpoints",291,0.455620385211844,1.24510656954399,0.0188229198673548,0.349629914503903,"3018/8290/8900/8368/8339/8366/8347/8364/116028/8343/8340/8970/3017/8363/8359/1026/8349/10403/8348/27338/699/8346/890/8318/580/4683/83990/8367/85236/8365/554313/5684/5932/5905/5685/55839/151648/8294/5687/63967/54821/57060/57082/5686/10111/545/9025/1029"
"GO-BP","GO:0046686","response to cadmium ion",37,0.919016981012361,1.87451472887897,3.11694991183643e-07,0.00183276654815982,"4499/4496/4489/4490/4495/4501/4493/4502/84560/645745/7779/4494/4504"
"GO-BP","GO:0071276","cellular response to cadmium ion",21,0.949864483818433,1.83847886896529,2.01192109898729e-06,0.00591504803102264,"4499/4496/4489/4490/4495/4501/4493/4502/84560/645745/4494/4504"
"GO-BP","GO:0006882","intracellular zinc ion homeostasis",32,0.887691880485019,1.76933426397595,5.25360570930726e-05,0.044130287958181,"4499/4496/4489/4490/4495/4501/4493/4502/84560/645745/7779/4494/4504"
"GO-BP","GO:0097501","stress response to metal ion",20,0.934880485912138,1.75971092701806,3.60287335251804e-05,0.044130287958181,"4499/4496/4489/4490/4495/4501/4493/4502/84560/645745/7779/4494/4504"
"GO-BP","GO:0050792","regulation of viral process",134,0.701177638319745,1.74360878592032,0.000186478748530135,0.104503408222924,"282617/5629/7113/27074/91543/3434/8638/9636/4940/4599/4938/4939/11074/10410/117854/5610/89870/8519/6772/5359/24138/56649/388646/3669/64135/684/9023/3965/85363/200315/55337/7124/3428/9582/103/388419/10581/6672/558/200316/9830/57169/7706/60489/6737/6590/56829/27350"
"GO-BP","GO:1903900","regulation of viral life cycle",110,0.715440574063315,1.73669183252502,0.000211510685592217,0.104503408222924,"282617/5629/7113/27074/91543/3434/8638/9636/4940/4599/4938/4939/10410/117854/5610/89870/8519/5359/24138/56649/388646/3669/64135/684/9023/3965/85363/200315/55337/7124/3428/9582/103/388419/10581/558/200316/57169/7706/60489/6737/6590/56829/27350"
"GO-BP","GO:0061687","detoxification of inorganic compound",23,0.924522869956599,1.73142199901509,2.55930236704915e-05,0.044130287958181,"4499/4496/4489/4490/4495/4501/4493/4502/84560/645745/7779/4494/4504"
"GO-BP","GO:0010273","detoxification of copper ion",15,0.94938772675563,1.73131398636017,4.53486664619418e-05,0.044130287958181,"4499/4496/4489/4490/4495/4501/4493/4502/84560/645745/4494/4504"
"GO-BP","GO:1990169","stress response to copper ion",15,0.94938772675563,1.73131398636017,4.53486664619418e-05,0.044130287958181,"4499/4496/4489/4490/4495/4501/4493/4502/84560/645745/4494/4504"
"GO-BP","GO:0019079","viral genome replication",110,0.711984037493441,1.72830128403315,0.000251044332887384,0.113549282875217,"282617/6355/5629/6347/91543/3434/8638/9636/4940/4599/4938/10332/4939/10410/117854/5610/8519/5359/24138/388646/3669/64135/684/200315/55337/7124/3428/9582/103/388419/10581/200316/57169/407007/60489/6590/56829/27350"
"GO-BP","GO:0048525","negative regulation of viral process",72,0.757930218710953,1.70120439961527,0.000560162280396519,0.207626716240155,"282617/5629/91543/3434/8638/9636/4940/4599/4938/4939/11074/10410/117854/5610/89870/8519/6772/5359/24138/3669/64135/684/9023/200315/55337/7124/3428/9582/388419/10581/6672/200316/9830/57169/60489/6737/6590/56829/27350"
"GO-BP","GO:0071294","cellular response to zinc ion",22,0.897992625576231,1.69807728913105,0.000213272261679437,0.104503408222924,"4499/4496/4489/4490/4495/4501/4493/4502/84560/645745/4494/4504"
"GO-BP","GO:1905664","regulation of calcium ion import across plasma membrane",14,0.879464525826261,1.68580551537981,0.0103533919626918,0.833944448501748,"2916/5535"
"GO-BP","GO:0032480","negative regulation of type I interferon production",50,0.753679671658497,1.67594838690819,0.0116644520311933,0.891536783086869,"730249/6614/54739/3586/79132/388646"
"GO-BP","GO:0045069","regulation of viral genome replication",77,0.727441248356912,1.66676148665516,0.00236007534816461,0.555089721888316,"282617/5629/91543/3434/8638/9636/4940/4599/4938/4939/10410/117854/5610/8519/5359/24138/388646/3669/64135/684/200315/55337/7124/3428/9582/103/388419/10581/200316/57169/60489/6590/56829/27350"
"GO-BP","GO:0010043","response to zinc ion",46,0.78939961558594,1.65153290879948,0.00395204703619977,0.643696978822177,"4499/4496/4489/4490/4495/4501/4493/4502/84560/645745/7779/4494/4504/7412"
"GO-BP","GO:0045071","negative regulation of viral genome replication",48,0.772037146846776,1.61358739910928,0.00462144174713725,0.643696978822177,"282617/5629/91543/3434/8638/9636/4940/4599/4938/4939/10410/117854/5610/8519/5359/24138/3669/64135/684/200315/55337/7124/3428/9582/388419/10581/200316/57169/60489/6590/56829/27350"
"GO-BP","GO:1905665","positive regulation of calcium ion import across plasma membrane",10,0.929784051555658,1.60951226197586,0.00382422070996185,0.642469079273592,"2916/5535"
"GO-BP","GO:0046688","response to copper ion",38,0.782227488887547,1.60537308725975,0.00747712618375351,0.783603257895897,"4499/4496/4489/4490/4495/4501/4493/4502/84560/645745/4494/4504/1543"
"GO-BP","GO:0002679","respiratory burst involved in defense response",11,0.900102589173356,1.59693957035099,0.0178606066041286,1,"3929"
"GO-BP","GO:0120163","negative regulation of cold-induced thermogenesis",47,0.751944734802126,1.58985512296166,0.0103117190799122,0.833944448501748,"2303/3226/4858/23090"
"GO-BP","GO:0070106","interleukin-27-mediated signaling pathway",10,0.917064812049068,1.58749449138212,0.00843540256888231,0.783603257895897,"8638/4940/4599/4938/4939/10148/6772/246778"
"GO-BP","GO:0044331","cell-cell adhesion mediated by cadherin",55,-0.865410336846121,-1.58713651546812,0.000104655596829625,0.0691871818100563,"64405/1004/7082/120114/28513/3170/1006/1009/2195"
"GO-BP","GO:0034134","toll-like receptor 2 signaling pathway",17,0.876171589783189,1.58712334338417,0.00890318771534545,0.783603257895897,"730249"
"GO-BP","GO:0034135","regulation of toll-like receptor 2 signaling pathway",12,0.916969470688937,1.5806347460495,0.00262839491881229,0.561778269935066,"730249"
"GO-BP","GO:0007398","ectoderm development",12,0.914779004070749,1.57685890862258,0.00286621566293401,0.561778269935066,"3854/25806"
"GO-BP","GO:0021535","cell migration in hindbrain",10,0.901639259790716,1.56079193021641,0.0168216622089129,0.999514314149906,"8929"
"GO-BP","GO:0034332","adherens junction organization",53,-0.845325718351448,-1.55611259296844,0.00125213892749202,0.409032049647392,"64405/1004/7082/1830/28513/1006/1009"
"GO-BP","GO:0071280","cellular response to copper ion",24,0.832312296603417,1.55361882739095,0.00887913409697683,0.783603257895897,"4499/4496/4489/4490/4495/4501/4493/4502/84560/645745/4494/4504/1543"
"GO-BP","GO:0097168","mesenchymal stem cell proliferation",10,0.897409187621375,1.5534694202054,0.0207450348571795,1,"10736"
"GO-BP","GO:0035455","response to interferon-alpha",20,0.824687565434997,1.55229651505238,0.0203992654186466,1,"27074/4938/10410/5610/8519/4600/684/103/10581/558"
"GO-BP","GO:0034342","response to type III interferon",10,0.893036567829482,1.5459001516637,0.0253980037373202,1,"282617/55337/282616/3458"
"GO-BP","GO:0003209","cardiac atrium morphogenesis",19,0.837804916306081,1.54131601187128,0.0248175933956429,1,"2626/5629/57057/6474/27302/23493"
"GO-BP","GO:0002281","macrophage activation involved in immune response",19,0.835264653155559,1.53664267062911,0.0262356998768206,1,"90865/3929/3430/7124/3458/9111"
"GO-BP","GO:0006820","monoatomic anion transport",146,-0.755011281246953,-1.53258691203856,0.000433058742813886,0.181884671981832,"2741/4948/2563/9635/2569/2566/2557/2560/5349/117159/56923/11254/26285/2555/63982/160728/2559/6781/2567"
"GO-BP","GO:0045824","negative regulation of innate immune response",90,0.643580206613139,1.53245008875895,0.0124486494930254,0.892659256329139,"730249/710/11274/9636/4940/4938/79132/54625/6773/3965/11277/3428/634/9111/10906/5272/6737/25939"
"GO-BP","GO:1905145","cellular response to acetylcholine",45,0.717567807652974,1.52971543335251,0.036187423367573,1,"1143/85397/4061/375790/55584/1136/432355/59340/1141/1140"
"GO-BP","GO:0060159","regulation of dopamine receptor signaling pathway",9,0.917731895310567,1.52744795836781,0.0119761901918781,0.891536783086869,"85397/1814/858"
"GO-BP","GO:0003230","cardiac atrium development",25,0.773374443490529,1.52473214609698,0.0456641381295331,1,"2626/5629/57057/6474/27302/23493"
"GO-BP","GO:0050847","progesterone receptor signaling pathway",11,-0.96999790600774,-1.52146948853802,0.000105898747668454,0.0691871818100563,"5241"
"GO-BP","GO:0043011","myeloid dendritic cell differentiation",10,0.878308200869455,1.52040446029173,0.0439421325730712,1,"1437/116071/81501/10537/3565/55509"
"GO-BP","GO:0006821","chloride transport",111,-0.74796898276531,-1.51873575136487,0.00351648106172092,0.60814437185056,"363/6557/203859/2741/4948/2563/9635/2569/2566/2557/2560/5349/56923/11254/26285/2555/63982/160728/2559/2567"
"GO-BP","GO:0050908","detection of light stimulus involved in visual perception",15,0.831683996015239,1.5166681577544,0.0432102521272769,1,"2986/2916/7287"
"GO-BP","GO:0050962","detection of light stimulus involved in sensory perception",15,0.831683996015239,1.5166681577544,0.0432102521272769,1,"2986/2916/7287"
"GO-BP","GO:0035107","appendage morphogenesis",61,-0.805488272571412,-1.51297455810515,0.00447887670490317,0.643696978822177,"5307/7291/6909/7473/6910/27164/3207/130497/6299"
"GO-BP","GO:0035108","limb morphogenesis",61,-0.805488272571412,-1.51297455810515,0.00447887670490317,0.643696978822177,"5307/7291/6909/7473/6910/27164/3207/130497/6299"
"GO-BP","GO:0042168","heme metabolic process",43,-0.845268515126554,-1.51035499401663,0.00324783243132414,0.588309757179754,"259/2168/54658"
"GO-BP","GO:0095500","acetylcholine receptor signaling pathway",43,0.722495053211969,1.5102351678494,0.0280478198376155,1,"1143/85397/4061/375790/55584/1136/432355/59340/1141/1140"
"GO-BP","GO:0098534","centriole assembly",50,-0.838418748704262,-1.50963916870798,0.00230685103766867,0.555089721888316,"159989/118611/166979/345643"
"GO-BP","GO:0030326","embryonic limb morphogenesis",45,-0.825634834382824,-1.50443860614334,0.0061417350345686,0.700418100661995,"27152/6926/7042/4487/116039/5307/7291/6909/6910/3207/130497/6299"
"GO-BP","GO:0035113","embryonic appendage morphogenesis",45,-0.825634834382824,-1.50443860614334,0.0061417350345686,0.700418100661995,"27152/6926/7042/4487/116039/5307/7291/6909/6910/3207/130497/6299"
"GO-BP","GO:0070863","positive regulation of protein exit from endoplasmic reticulum",15,-0.93975285756555,-1.50226216125633,0.000564970656435797,0.207626716240155,"123264"
"GO-BP","GO:0010971","positive regulation of G2/M transition of mitotic cell cycle",23,0.8015661414529,1.50115188718084,0.0336131758681654,1,"8929"
"GO-BP","GO:0071346","cellular response to type II interferon",68,0.669480763138283,1.50037347658162,0.0154732175619431,0.990476544689444,"730249/6347/6772/83666/2633/54625/115361/388646/3965/115362/7124/3458/6672/2635/2634/445/163351/84166/3717/834"
"GO-BP","GO:0035092","sperm DNA condensation",13,-0.932067942590888,-1.49879463757969,0.00736596697613253,0.783603257895897,"7142"
"GO-BP","GO:0051123","RNA polymerase II preinitiation complex assembly",62,-0.790075995989288,-1.49690853618966,0.0060446734226433,0.700418100661995,"112488747/112488746"
"GO-BP","GO:0042440","pigment metabolic process",69,-0.800972786218693,-1.49649066023983,0.00196840992076913,0.541750303454604,"4948/259/54575/2168/54658"
"GO-BP","GO:0032413","negative regulation of ion transmembrane transporter activity",20,0.793550671823952,1.49368802685905,0.0480615336977022,1,"6588"
"GO-BP","GO:0030203","glycosaminoglycan metabolic process",63,-0.790125303440218,-1.49361931515851,0.00846959274170973,0.783603257895897,"80760/3037/114771/23553/83539"
"GO-BP","GO:0006123","mitochondrial electron transport, cytochrome c to oxygen",21,-0.914246829324108,-1.49342083623928,0.00203359807652578,0.541750303454604,"341947"
"GO-BP","GO:0036092","phosphatidylinositol-3-phosphate biosynthetic process",22,-0.881068688978433,-1.49217766756481,0.00894073863223025,0.783603257895897,"374462"
"GO-BP","GO:0033148","positive regulation of intracellular estrogen receptor signaling pathway",10,-0.949497419060423,-1.49165688202287,0.00299943138888971,0.568924405376501,"149563"
"GO-BP","GO:1901844","regulation of cell communication by electrical coupling involved in cardiac conduction",11,-0.950816213124965,-1.49138245404146,0.00211909132303672,0.541750303454604,"6910/10345"
"GO-BP","GO:1901020","negative regulation of calcium ion transmembrane transporter activity",12,0.864361804384597,1.48995178666292,0.0380453293141169,1,"6588"
"GO-BP","GO:1900272","negative regulation of long-term synaptic potentiation",12,0.864161584522039,1.48960665579246,0.0384479216544724,1,"11170/134"
"GO-BP","GO:0048706","embryonic skeletal system development",60,-0.795560504565478,-1.48682666061583,0.00675024414729239,0.735026584927393,"6899/116039/81031/3227/3219/1747/6495/7291/1909/3225/3237/3235/3207/130497/1750"
"GO-BP","GO:0019585","glucuronate metabolic process",8,-0.969802249815253,-1.48652023824329,0.000738880245650334,0.255565637907292,"54575/54658"
"GO-BP","GO:0010649","regulation of cell communication by electrical coupling",14,-0.936559740353786,-1.48486573096694,0.00205397410983878,0.541750303454604,"6910/10345"
"GO-BP","GO:0015908","fatty acid transport",101,-0.760403343156695,-1.4843321472413,0.00330173843315168,0.588309757179754,"55867/28965/624/2169/56923/1381/2173/5375/160728/1579/2168/22925/9376/84647"
"GO-BP","GO:2000392","regulation of lamellipodium morphogenesis",11,-0.945509964219675,-1.48305945070508,0.00425447436277292,0.643696978822177,"10630"
"GO-BP","GO:0033013","tetrapyrrole metabolic process",56,-0.801319097686604,-1.48215150791689,0.00640708700002411,0.710823991700788,"259/2168/54658"
"GO-BP","GO:0007528","neuromuscular junction development",43,-0.827694027632608,-1.47895229241501,0.00888674854017578,0.783603257895897,"6572/284217/23024"
"GO-BP","GO:0007289","spermatid nucleus differentiation",16,-0.911252436552415,-1.47770363068857,0.00473978759657585,0.643696978822177,"7142"
"GO-BP","GO:0021895","cerebral cortex neuron differentiation",12,-0.943800034620113,-1.47582986199812,0.00257848217361025,0.561778269935066,"429/1812"
"GO-BP","GO:0086064","cell communication by electrical coupling involved in cardiac conduction",24,-0.879938813000392,-1.47554754385097,0.00772122539694676,0.783603257895897,"10052/477/6910/10345"
"GO-BP","GO:1903276","regulation of sodium ion export across plasma membrane",10,-0.938140500072762,-1.47381520491406,0.0080426989982697,0.783603257895897,"5349/53828"
"GO-BP","GO:1903278","positive regulation of sodium ion export across plasma membrane",10,-0.938140500072762,-1.47381520491406,0.0080426989982697,0.783603257895897,"5349/53828"
"GO-BP","GO:0006778","porphyrin-containing compound metabolic process",46,-0.820327930977505,-1.47375255743236,0.00553530532395664,0.700418100661995,"259/2168/54658"
"GO-BP","GO:0035973","aggrephagy",18,-0.90237615800035,-1.47211764210717,0.00619417367932376,0.700418100661995,"26353"
"GO-BP","GO:0090281","negative regulation of calcium ion import",12,0.852576773527006,1.4696372289244,0.0495913475772637,1,"6588/5535/7779/3280/407040"
"GO-BP","GO:0034143","regulation of toll-like receptor 4 signaling pathway",36,0.737023250589132,1.46942600787544,0.0289325775986292,1,"730249/3929/3430/406932/92747/406982"
"GO-BP","GO:0072673","lamellipodium morphogenesis",15,-0.918424461339469,-1.46816719431606,0.00462587311728022,0.643696978822177,"10630"
"GO-BP","GO:0033145","positive regulation of intracellular steroid hormone receptor signaling pathway",13,-0.912622657886802,-1.46752600671177,0.020154825612552,1,"149563"
"GO-BP","GO:0006787","porphyrin-containing compound catabolic process",13,-0.911711800832661,-1.46606131985154,0.0215642317546186,1,"259/2168/54658"
"GO-BP","GO:0033015","tetrapyrrole catabolic process",13,-0.911711800832661,-1.46606131985154,0.0215642317546186,1,"259/2168/54658"
"GO-BP","GO:0141193","nuclear receptor-mediated signaling pathway",182,-0.70814488920061,-1.4655826043051,0.00278484828875624,0.561778269935066,"3952/6899/6422/59344/8284/23532/247/7291/6258/2104/6943/256297/6591/149563/81285/5241"
"GO-BP","GO:0048536","spleen development",9,-0.933628794649738,-1.46464625708976,0.0199741462484826,1,"6943"
"GO-BP","GO:0044070","regulation of monoatomic anion transport",11,-0.93341329108412,-1.4640854725402,0.0108465050245961,0.861857426278715,"6781"
"GO-BP","GO:0032305","positive regulation of icosanoid secretion",13,-0.909514451684899,-1.46252791314473,0.0241011659742773,1,"1579/22925"
"GO-BP","GO:0098656","monoatomic anion transmembrane transport",129,-0.722830817159449,-1.46205439458701,0.00481678011363534,0.643696978822177,"363/6557/203859/2741/4948/2563/9635/2569/2566/2557/2560/5349/117159/56923/26285/2555/63982/2559/2567"
"GO-BP","GO:0018342","protein prenylation",11,-0.931871191385685,-1.46166664500983,0.012077294521922,0.891536783086869,"23746"
"GO-BP","GO:0097354","prenylation",11,-0.931871191385685,-1.46166664500983,0.012077294521922,0.891536783086869,"23746"
"GO-BP","GO:2001046","positive regulation of integrin-mediated signaling pathway",13,-0.907890593749346,-1.45991669838797,0.0257924572200678,1,"2013/284217"
"GO-BP","GO:0015698","inorganic anion transport",145,-0.717183121213815,-1.459907012406,0.00465832725548976,0.643696978822177,"363/6557/203859/2741/4948/2563/9635/2569/2566/2557/2560/5349/117159/56923/11254/26285/2555/63982/160728/2559/2567"
"GO-BP","GO:2000193","positive regulation of fatty acid transport",16,-0.90020637567737,-1.45979113618637,0.00961819181605831,0.796548843358069,"1579/22925"
"GO-BP","GO:0019321","pentose metabolic process",10,-0.928908564268561,-1.45931186841173,0.0149577620470981,0.990476544689444,"283310"
"GO-BP","GO:0050654","chondroitin sulfate proteoglycan metabolic process",32,-0.841459271289607,-1.45913726328929,0.0187939362883319,1,"23553/83539"
"GO-BP","GO:0007157","heterophilic cell-cell adhesion",48,-0.800204939654783,-1.45876766000533,0.0201805507213758,1,"1525/257194/81607/2895/4680/402665/5789/50863/869/5670/5673/7369"
"GO-BP","GO:0050910","detection of mechanical stimulus involved in sensory perception of sound",13,-0.905890099088394,-1.4566998399023,0.0286112783293956,1,"117531/374462"
"GO-BP","GO:0034599","cellular response to oxidative stress",232,-0.689864890304851,-1.45338324103413,0.00176777523456568,0.541750303454604,"257202/117/1421/1909/259/5563/2168/337/2880/22925"
"GO-BP","GO:0010952","positive regulation of peptidase activity",10,-0.924006669676776,-1.45161101040411,0.0223689492891531,1,"6407"
"GO-BP","GO:0090158","endoplasmic reticulum membrane organization",16,-0.894470146853121,-1.45048916252897,0.015683101317239,0.990476544689444,"10345"
"GO-BP","GO:0006270","DNA replication initiation",39,-0.823760646259033,-1.45039723178833,0.0153100637324347,0.990476544689444,"345643/647309"
"GO-BP","GO:0070861","regulation of protein exit from endoplasmic reticulum",25,-0.876723230650839,-1.45015371672845,0.00808443190479836,0.783603257895897,"123264"
"GO-BP","GO:0007530","sex determination",11,-0.924507137617103,-1.45011591582634,0.0204672057672369,1,"6943/6736"
"GO-BP","GO:2000191","regulation of fatty acid transport",26,-0.856921369924297,-1.44949840032328,0.0198202904067133,1,"1579/22925"
"GO-BP","GO:0045862","positive regulation of proteolysis",67,-0.761815582004188,-1.44891392696318,0.0121297521508417,0.891536783086869,"6407/7142"
"GO-BP","GO:0030174","regulation of DNA-templated DNA replication initiation",19,-0.896076806374556,-1.44792669948557,0.00600245725769822,0.700418100661995,"345643/647309"
"GO-BP","GO:0014821","phasic smooth muscle contraction",16,-0.892207059581909,-1.4468192987864,0.0173195595509533,1,"3352/2668"
"GO-BP","GO:0051497","negative regulation of stress fiber assembly",28,-0.84252210906361,-1.44658785348204,0.0270381854772568,1,"4070/79822/7082/4653"
"GO-BP","GO:0006027","glycosaminoglycan catabolic process",26,-0.855154593826521,-1.44650986576534,0.0208175248895601,1,"114771/23553"
"GO-BP","GO:0009084","L-glutamine family amino acid biosynthetic process",17,-0.889717935435621,-1.44594329561509,0.0161500615559117,0.990476544689444,"2346"
"GO-BP","GO:0090329","regulation of DNA-templated DNA replication",46,-0.804318881475467,-1.44499164761234,0.0138301632108636,0.954890480082358,"345643/647309"
"GO-BP","GO:0001675","acrosome assembly",26,-0.852774180195772,-1.44248335193224,0.0215654511315521,1,"84691/284382/283471/1538"
"GO-BP","GO:0033363","secretory granule organization",61,-0.767854853047251,-1.44228649446298,0.0189889585141257,1,"84691/284382/283471/1538"
"GO-BP","GO:0034341","response to type II interferon",106,0.588524042837239,1.44173674512455,0.0181154768694088,1,"730249/6347/10410/8519/6772/83666/2633/54625/115361/388646/684/3965/115362/10537/55337/7124/3458/10581/2643/51667/6672/2635/2634/445/163351/5698/6737"
"GO-BP","GO:1901992","positive regulation of mitotic cell cycle phase transition",85,0.604451551146803,1.43966878789792,0.0338983042884046,1,"8929/101243555/3741/1543/1956/51514/80174/407007"
"GO-BP","GO:0033143","regulation of intracellular steroid hormone receptor signaling pathway",68,-0.762059647219874,-1.43965806051601,0.0163394940195367,0.990476544689444,"167465/6422/8284/6943/149563"
"GO-BP","GO:0010507","negative regulation of autophagy",86,0.59753690336539,1.43951100144428,0.0305532714115418,1,"2626/4233/3586/92196/26471"
"GO-BP","GO:0045995","regulation of embryonic development",83,-0.742683025504525,-1.43848330954224,0.0168285573300749,0.999514314149906,"3975/89780/3909/26011/4487/27330/3170/130497/284217"
"GO-BP","GO:0006857","oligopeptide transport",18,-0.881550021475952,-1.43814231737958,0.0211353807654526,1,"6564"
"GO-BP","GO:0046697","decidualization",16,-0.885960212095331,-1.43668929655979,0.0235926734421356,1,"8614/6781"
"GO-BP","GO:0010765","positive regulation of sodium ion transport",29,-0.833049687447411,-1.43478564983665,0.0344953526743036,1,"65267/4842/5349/53828"
"GO-BP","GO:0035672","oligopeptide transmembrane transport",16,-0.884385490843089,-1.43413569975344,0.0249563970184449,1,"6564"
"GO-BP","GO:0043462","regulation of ATP-dependent activity",34,0.710781450933405,1.43285209005016,0.0477423618555225,1,"6588/5359"
"GO-BP","GO:1904862","inhibitory synapse assembly",24,-0.854446064304053,-1.43279938662782,0.0221226132428536,1,"2566/2557/869/2555/2559/2567"
"GO-BP","GO:0032232","negative regulation of actin filament bundle assembly",33,-0.825357980634758,-1.43203661587091,0.022251585202862,1,"4070/50944/79822/7082/4653"
"GO-BP","GO:0032527","protein exit from endoplasmic reticulum",47,-0.789441869980135,-1.43133257563139,0.0189925389098055,1,"123264"
"GO-BP","GO:1901334","lactone metabolic process",10,-0.910183542048962,-1.42989492877693,0.0475352112676056,1,"5444/5446"
"GO-BP","GO:0070849","response to epidermal growth factor",48,-0.78367277965881,-1.42862965515552,0.0303353440184594,1,"429/6591"
"GO-BP","GO:0007492","endoderm development",55,0.665837053983941,1.42726430713116,0.0339525386411805,1,"1295/2626/22943/57057"
"GO-BP","GO:0032303","regulation of icosanoid secretion",15,-0.89283269626624,-1.4272569273243,0.0205974790041881,1,"1579/22925"
"GO-BP","GO:0035315","hair cell differentiation",26,-0.843771580561159,-1.42725528757638,0.0321839456982145,1,"1747/7399/11005/10083"
"GO-BP","GO:0062208","positive regulation of pattern recognition receptor signaling pathway",82,0.611099502638597,1.42696866255361,0.0273450924803054,1,"3929/91543/8638/55601/89870/79132/3430/115362/4481/1956/2634/3304/56829"
"GO-BP","GO:0042167","heme catabolic process",12,-0.912544739569296,-1.42695563431268,0.0269429179309075,1,"259/2168/54658"
"GO-BP","GO:0046149","pigment catabolic process",12,-0.912544739569296,-1.42695563431268,0.0269429179309075,1,"259/2168/54658"
"GO-BP","GO:0098926","postsynaptic signal transduction",51,0.685591823234105,1.42661827104099,0.0477652751738307,1,"1143/85397/4061/375790/55584/1136/432355/59340/1141/1140"
"GO-BP","GO:0030518","nuclear receptor-mediated steroid hormone signaling pathway",129,-0.7052705232944,-1.42653556472233,0.00939052722997793,0.788804287318146,"6258/2104/6943/149563/81285/5241"
"GO-BP","GO:0043401","steroid hormone receptor signaling pathway",129,-0.7052705232944,-1.42653556472233,0.00939052722997793,0.788804287318146,"6258/2104/6943/149563/81285/5241"
"GO-BP","GO:0015909","long-chain fatty acid transport",59,-0.762279154701499,-1.4250975227577,0.0314901704708551,1,"7069/64600/28965/624/2169/56923/2168/22925/84647"
"GO-BP","GO:0009954","proximal/distal pattern formation",11,-0.907828688747685,-1.42395529123757,0.0403378088029244,1,"3219/3225/2736/3235/130497"
"GO-BP","GO:0019217","regulation of fatty acid metabolic process",95,-0.730976240540658,-1.42260880165977,0.0112121359003934,0.879031454590843,"341/2693/50487/10891/344/407039/8647/768218/33/7291/552/54575/337/54658"
"GO-BP","GO:0018205","peptidyl-lysine modification",118,0.57604805656185,1.42178473255378,0.0177710977850578,1,"3713/2138/196541/64135/28999/5371"
"GO-BP","GO:0021536","diencephalon development",39,-0.807304180595063,-1.42142229549775,0.0272301292991419,1,"9001/27023/5449/9037/2691/9723/2736/137814/6299/139411"
"GO-BP","GO:0051552","flavone metabolic process",3,-0.985611390160962,-1.42017196336902,0.0156215779378965,0.990476544689444,"54575/54658"
"GO-BP","GO:0042755","eating behavior",28,-0.825918542672655,-1.41807997551984,0.0424881950154224,1,"4852/155/390259/4986"
"GO-BP","GO:0001893","maternal placenta development",18,-0.868890183688809,-1.41748932207664,0.0395588773368883,1,"8614/6781"
"GO-BP","GO:1902307","positive regulation of sodium ion transmembrane transport",19,-0.876537413165153,-1.41635394933918,0.0162815567094597,0.990476544689444,"65267/4842/5349/53828"
"GO-BP","GO:0060219","camera-type eye photoreceptor cell differentiation",16,-0.87335201621165,-1.41624361533425,0.040584715322934,1,"344658/6101/10083"
"GO-BP","GO:2000810","regulation of bicellular tight junction assembly",23,-0.853488500543253,-1.41517238781838,0.0259632168846033,1,"9076/3605/7082/1830/6591"
"GO-BP","GO:0043473","pigmentation",81,-0.740229099712998,-1.41371450351918,0.0141284815930553,0.954890480082358,"4935/5167/64284/357/4948/1909/6591/81285"
"GO-BP","GO:0042310","vasoconstriction",64,-0.760178179692144,-1.41319811257001,0.0139670756857299,0.954890480082358,"3363/624/1909/79987/552/146/148/3352"
"GO-BP","GO:0006275","regulation of DNA replication",122,-0.700098907330111,-1.41293896160271,0.0207797240421523,1,"2736/345643/647309"
"GO-BP","GO:1904181","positive regulation of membrane depolarization",15,-0.883170431731166,-1.41181110634463,0.0451388888888889,1,"54795/3791/3814/4653"
"GO-BP","GO:1903317","regulation of protein maturation",49,-0.774365773354511,-1.41168238264681,0.0373413635822574,1,"7142/26022"
"GO-BP","GO:1902305","regulation of sodium ion transmembrane transport",40,-0.799574379840307,-1.41101246646416,0.0279173306819669,1,"65267/4842/255738/2257/5349/130497/53828"
"GO-BP","GO:0032530","regulation of microvillus organization",16,-0.869873440179144,-1.41060269276804,0.0454225614514179,1,"10083"
"GO-BP","GO:0051865","protein autoubiquitination",74,-0.741838930034659,-1.4105825761724,0.0192615744131774,1,"168433/51666"
"GO-BP","GO:0006026","aminoglycan catabolic process",32,-0.812327706408941,-1.40862150654902,0.0408759124087591,1,"114771/23553"
"GO-BP","GO:0007214","gamma-aminobutyric acid signaling pathway",20,-0.854751823730955,-1.40859977466131,0.0403877221324717,1,"2563/2569/2566/2557/2560/2555/2559/2567"
"GO-BP","GO:0007143","female meiotic nuclear division",26,-0.832657235178454,-1.40845516609698,0.04,1,"166863/391714"
"GO-BP","GO:0051446","positive regulation of meiotic cell cycle",17,-0.866428870724928,-1.40809459588861,0.0467741935483871,1,"166863/388553"
"GO-BP","GO:0032892","positive regulation of organic acid transport",35,-0.808869673209006,-1.40765046534452,0.0361860828818646,1,"552/1579/22925"
"GO-BP","GO:0071340","skeletal muscle acetylcholine-gated channel clustering",12,-0.900196048370946,-1.40764585834466,0.0485571607840197,1,"284217"
"GO-BP","GO:0001570","vasculogenesis",51,-0.759679734771757,-1.40762374073669,0.0403315601285609,1,"187/3791/7477/54345/3037/2013/6910/51666"
"GO-BP","GO:0051492","regulation of stress fiber assembly",84,-0.720928043230073,-1.40761990586221,0.0276026778514614,1,"79933/6422/4070/22998/79822/7082/4653/22899"
"GO-BP","GO:0048704","embryonic skeletal system morphogenesis",38,-0.807015061513429,-1.40715341729189,0.0285176361983786,1,"6899/116039/3227/3219/6495/7291/3225/3237/3235/3207/130497"
"GO-BP","GO:0019058","viral life cycle",281,0.520355667378065,1.40621359429371,0.00270685375806483,0.561778269935066,"282617/6355/5629/7113/6347/27074/91543/3434/8638/9636/4940/6614/4599/4938/10332/4939/11074/858/10410/117854/5610/89870/8519/5359/24138/56649/388646/3669/64135/684/9023/3965/85363/200315/55337/7124/51510/3428/551/9582/1956/103/388419/10581/1234/558/200316/57169/950/407007/7706/2838/3304/60489/6737/6590/1803/56829/27350"
"GO-BP","GO:0001825","blastocyst formation",12,-0.899010593737353,-1.40579215069036,0.0491250743569017,1,"7022"
"GO-BP","GO:0019646","aerobic electron transport chain",88,-0.721411371729355,-1.40433456734254,0.0245755968235093,1,"341947"
"GO-BP","GO:0051932","synaptic transmission, GABAergic",44,-0.785195311721417,-1.40419216753775,0.0276002856633258,1,"2563/2569/2566/2557/2560/2555/148/2559/259232/2567"
"GO-BP","GO:1902476","chloride transmembrane transport",100,-0.726061367354344,-1.40232956538168,0.0132254557462106,0.933252280940952,"363/6557/203859/2741/4948/2563/9635/2569/2566/2557/2560/5349/56923/26285/2555/63982/2559/2567"
"GO-BP","GO:0048736","appendage development",88,-0.720324703481269,-1.4022192059221,0.0274667790398087,1,"340419/5307/7291/6909/7473/6910/3890/27164/3207/130497/6299"
"GO-BP","GO:0060173","limb development",88,-0.720324703481269,-1.4022192059221,0.0274667790398087,1,"340419/5307/7291/6909/7473/6910/3890/27164/3207/130497/6299"
"GO-BP","GO:0048515","spermatid differentiation",187,-0.677918444587589,-1.4015760715009,0.00906207849267364,0.783603257895897,"401024/80217/25858/10881/160762/346288/55329/124404/22873/340069/79846/132141/107983988/219681/378807/84691/163589/284382/283471/2712/83893/166863/1538/83942/6407/7142"
"GO-BP","GO:0097284","hepatocyte apoptotic process",11,-0.89310424135206,-1.40085957390738,0.0468468468468468,1,"5563"
"GO-BP","GO:0033146","regulation of intracellular estrogen receptor signaling pathway",30,-0.81580861517761,-1.40035533664282,0.0416452014721671,1,"149563"
"GO-BP","GO:0070613","regulation of protein processing",46,-0.778977531804032,-1.39946488023461,0.0428176795580111,1,"7142/26022"
"GO-BP","GO:0070897","transcription preinitiation complex assembly",76,-0.718287431366977,-1.39715382106911,0.0322997416020672,1,"112488747/112488746"
"GO-BP","GO:1903319","positive regulation of protein maturation",24,-0.832943373923182,-1.39674205910808,0.0455927051671733,1,"7142"
"GO-BP","GO:0001655","urogenital system development",26,-0.824575652335686,-1.39478501873712,0.0474074074074074,1,"4313/116039/27023/5076/247/3207/130497"
"GO-BP","GO:0061138","morphogenesis of a branching epithelium",76,-0.716115683697657,-1.39292951555841,0.0335917312661499,1,"4070/5076/3791/5314/6495/6909/9353/1909/6943/9723/2736/3237/3207/6299/2668"
"GO-BP","GO:0030214","hyaluronan catabolic process",16,-0.857843454296328,-1.39109464746347,0.0437601296596434,1,"23553"
"GO-BP","GO:0010954","positive regulation of protein processing",23,-0.838444373724933,-1.39022766640905,0.0420032310177706,1,"7142"
"GO-BP","GO:1901264","carbohydrate derivative transport",90,0.582442337236765,1.38687268847591,0.0483537024567339,1,"54346/3929/6523/134"
"GO-BP","GO:0043516","regulation of DNA damage response, signal transduction by p53 class mediator",36,-0.792316096980958,-1.38637059569065,0.0481751824817518,1,"7291/6591/22925"
"GO-BP","GO:0098869","cellular oxidant detoxification",86,-0.722472398939628,-1.38622550416619,0.015849911589831,0.990476544689444,"3240/257202/259/2168/337/2880"
"GO-BP","GO:0008286","insulin receptor signaling pathway",113,0.576776678804176,1.38457964182017,0.0123618749248158,0.892659256329139,"2303/9564/3645/858/2888/2865/8651"
"GO-BP","GO:0035150","regulation of tube size",118,-0.691956393612259,-1.38417996989982,0.0311377245508982,1,"3827/3952/4313/1373/54795/112/407048/4880/4842/3363/624/1909/79987/552/155/146/148/3352/1812"
"GO-BP","GO:0035296","regulation of tube diameter",118,-0.691956393612259,-1.38417996989982,0.0311377245508982,1,"3827/3952/4313/1373/54795/112/407048/4880/4842/3363/624/1909/79987/552/155/146/148/3352/1812"
"GO-BP","GO:0097746","blood vessel diameter maintenance",118,-0.691956393612259,-1.38417996989982,0.0311377245508982,1,"3827/3952/4313/1373/54795/112/407048/4880/4842/3363/624/1909/79987/552/155/146/148/3352/1812"
"GO-BP","GO:0086065","cell communication involved in cardiac conduction",53,-0.751749595202763,-1.3838535684627,0.0358126721763085,1,"287/54795/1829/10052/29119/3760/477/9096/781/6910/348980/10345"
"GO-BP","GO:0042462","eye photoreceptor cell development",21,-0.845588291985033,-1.38126721758939,0.0474006116207951,1,"344658/6101/10083"
"GO-BP","GO:0042773","ATP synthesis coupled electron transport",93,-0.712483033492434,-1.38028172774188,0.034747878267241,1,"341947"
"GO-BP","GO:0042775","mitochondrial ATP synthesis coupled electron transport",93,-0.712483033492434,-1.38028172774188,0.034747878267241,1,"341947"
"GO-BP","GO:0071248","cellular response to metal ion",151,0.533179531657742,1.37909125103668,0.0183410102530574,1,"4499/4496/4489/4490/4495/4501/4493/4502/3736/84560/4761/2978/645745/4494/4504/9362/1584/1543"
"GO-BP","GO:0060765","regulation of androgen receptor signaling pathway",30,-0.802774807029666,-1.37798248784325,0.0496240601503759,1,"6422/8284/6943"
"GO-BP","GO:0007286","spermatid development",179,-0.666486098204101,-1.37767981997926,0.0194989825838223,1,"401024/80217/25858/10881/160762/346288/55329/124404/22873/340069/79846/132141/107983988/219681/378807/84691/163589/284382/283471/2712/83893/1538/83942/6407/7142"
"GO-BP","GO:0048705","skeletal system morphogenesis",99,-0.70322166608594,-1.37740985468761,0.0304718094305652,1,"6899/2201/116039/158326/59341/3227/3219/4880/6495/7291/3225/3237/3235/3207/130497/6781"
"GO-BP","GO:1902743","regulation of lamellipodium organization",51,-0.743242250649548,-1.37716644165479,0.046195652173913,1,"7401/9353/10630"
"GO-BP","GO:0032231","regulation of actin filament bundle assembly",98,-0.700965180974711,-1.37583797363671,0.0360248447204969,1,"79933/6422/4070/6376/50944/22998/79822/7082/4653/22899"
"GO-BP","GO:0003407","neural retina development",52,-0.749180668269552,-1.37235546789198,0.0460893854748603,1,"121643/344658/256297/6101/10083"
"GO-BP","GO:0010669","epithelial structure maintenance",35,-0.787446735641489,-1.37036880052907,0.0491329479768786,1,"7033/11187/1525/158326/286676/3605/12/7031/341640"
"GO-BP","GO:1905477","positive regulation of protein localization to membrane",85,-0.712252331517313,-1.36595809590914,0.0455136540962289,1,"1830/2042/10369/284217"
"GO-BP","GO:0035725","sodium ion transmembrane transport",178,-0.655102188195037,-1.36155952268121,0.0215733999284083,1,"55089/54795/25769/6538/65267/6557/357/6332/389015/4842/2903/255738/477/6527/2257/728215/5349/11254/348980/160728/130497/259232/40/53828"
"GO-BP","GO:0045931","positive regulation of mitotic cell cycle",111,0.541144664388039,1.36112605384905,0.0405041276881963,1,"8929/101243555/3741/1543/1956/3280/51514/80174/407007"
"GO-BP","GO:0035821","modulation of process of another organism",112,0.553703121489797,1.35464247721545,0.0330875619011696,1,"85569/6355/2192/3429/11074/4061/858/10410/8519/85363/51176/10581/10107/4583/407007/7706/6590/3440"
"GO-BP","GO:0002702","positive regulation of production of molecular mediator of immune response",114,0.540988480926672,1.35384770245547,0.0498457994498123,1,"90865/112744/91543/100141515/3586/117854/353091/3567/23586/2865/3565/6375/7124/2867/30009/644414/3663/3805/6398/8013"
"GO-BP","GO:0001837","epithelial to mesenchymal transition",165,-0.659186051764376,-1.35225370675698,0.0254392428707801,1,"406980/4487/6422/145258/1829/2295/7291/3037/1909/2013/3170/6910/2042/6591/10630"
"GO-BP","GO:0030038","contractile actin filament bundle assembly",100,-0.698506796112109,-1.34911011086752,0.0371287128712871,1,"79933/6422/4070/22998/79822/7082/4653/22899"
"GO-BP","GO:0043149","stress fiber assembly",100,-0.698506796112109,-1.34911011086752,0.0371287128712871,1,"79933/6422/4070/22998/79822/7082/4653/22899"
"GO-BP","GO:0062197","cellular response to chemical stress",295,-0.631711338797553,-1.34852268071887,0.0151911668113006,0.990476544689444,"59341/65267/407048/6332/257202/117/1421/1909/259/5563/2168/337/2880/22925"
"GO-BP","GO:2000243","positive regulation of reproductive process",64,-0.725195578366872,-1.348164219877,0.0431848852901484,1,"2741/3624/79846/136541/132141/283471/166863/6736/388553"
"GO-BP","GO:0001763","morphogenesis of a branching structure",86,-0.70169942163515,-1.34636788333639,0.0379266750948167,1,"4070/5076/3791/5314/6495/6909/9353/1909/6943/9723/2736/3237/3207/6299/2668"
"GO-BP","GO:0048863","stem cell differentiation",183,-0.646476425888522,-1.34487542484446,0.0394517373573298,1,"6862/4070/5076/145258/79727/9037/4902/2487/221662/93649/6495/6909/7473/1909/2257/6910/9723/6591/130497/2668/6939"
"GO-BP","GO:2000241","regulation of reproductive process",135,-0.666420977333816,-1.34466520277493,0.0324129651860744,1,"4880/2741/3624/79846/136541/132141/283471/166863/6736/388553/6407"
"GO-BP","GO:0022904","respiratory electron transport chain",111,-0.661859193138432,-1.34389158126928,0.0421313506815366,1,"341947"
"GO-BP","GO:0051607","defense response to virus",295,0.490885581389457,1.33654614726723,0.00591674708303081,0.700418100661995,"730249/1755/282617/439996/10964/3627/3437/91543/3434/11274/8638/3429/9636/2537/4940/4599/4938/51191/3433/4939/11074/55601/10410/3665/117854/5610/89870/8519/6772/83666/2633/79132/4600/5359/81030/24138/64108/10346/6773/23586/91351/388646/3669/64135/56832/684/4343/9447/151636/5371/115362/51251/85363/200315/246778/10379/55337/7124/3428/282616/7098/9582/3458/103/10581/2635/200316/2634/57169/81622/7706/51561/5366/60489/6737/25939/56829/81844/27350/338376/3440/4277/3445/164668/3663/64343/84166/53840"
"GO-BP","GO:0007281","germ cell development",272,-0.632258768993603,-1.33488157733044,0.0223857270921126,1,"401024/347688/80217/25858/10881/160762/346288/55329/124404/22873/3593/340069/4880/283677/79846/1618/140690/132141/107983988/219681/326340/378807/84691/163589/1909/284382/283471/2712/83893/166863/1538/83942/388553/54937/6407/7142"
"GO-BP","GO:0071383","cellular response to steroid hormone stimulus",189,-0.644759351214801,-1.33204558161771,0.0380940670860547,1,"7035/6258/6909/477/2104/6943/54575/6781/149563/81285/5241/54658"
"GO-BP","GO:0001894","tissue homeostasis",186,-0.63667603064618,-1.3314091547774,0.0379464285714286,1,"1525/284/158046/284266/3690/158326/65267/286676/9153/9076/3605/7401/8788/3814/7399/7082/12/7031/6101/10083/341640"
"GO-BP","GO:0060249","anatomical structure homeostasis",186,-0.63667603064618,-1.3314091547774,0.0379464285714286,1,"1525/284/158046/284266/3690/158326/65267/286676/9153/9076/3605/7401/8788/3814/7399/7082/12/7031/6101/10083/341640"
"GO-BP","GO:0010565","regulation of ketone metabolic process",125,-0.659001168123743,-1.3303265662393,0.0469314079422383,1,"50487/10891/344/407039/8647/768218/33/7291/27120/552/54575/337/54658"
"GO-BP","GO:0071805","potassium ion transmembrane transport",191,-0.633024280478483,-1.32837153635061,0.0319383259911894,1,"287/3768/25769/6557/3788/6616/389015/56659/3763/3760/10060/477/5349/1804/3773/27133/348980/157855/4986/3744/259232/53828"
"GO-BP","GO:0007043","cell-cell junction assembly",135,-0.657330417569314,-1.32632280389371,0.0456182472989196,1,"1013/287/59341/2706/1829/286676/9076/187/10052/3605/9074/64405/2705/1004/7082/1830/28513/6910/1006/6591/1009"
"GO-BP","GO:0022412","cellular process involved in reproduction in multicellular organism",305,-0.617999950073516,-1.3251962960452,0.0171552833368942,1,"729201/401024/347688/80217/25858/10881/160762/346288/55329/124404/22873/3593/340069/4880/3624/283677/79846/1618/140690/132141/107983988/339168/219681/326340/378807/84691/163589/1909/57151/284382/283471/2712/83893/166863/1538/83942/388553/54937/6407/7142"
"GO-BP","GO:0062207","regulation of pattern recognition receptor signaling pathway",191,0.495646031730624,1.32246502233077,0.0347983436250444,1,"730249/3929/91543/8638/11074/55601/3665/5610/89870/79132/3430/406932/11277/115362/4481/3428/92747/1956/406982"
"GO-BP","GO:0042391","regulation of membrane potential",389,-0.610578042778639,-1.32094606621812,0.0133321754420136,0.933252280940952,"3752/6328/2890/2895/287/54795/2899/9699/55022/3788/6857/1829/50944/9630/6332/2911/3791/5649/2900/10052/2741/56659/4842/401190/2904/63895/29119/3760/2903/2563/477/2569/9096/2566/3814/2557/2560/2257/728215/781/27133/4653/6910/869/348980/10345/2555/148/3744/2559/259232/2567"
"GO-BP","GO:1902904","negative regulation of supramolecular fiber organization",150,-0.643260893818221,-1.31824066150694,0.0452920143027414,1,"4070/50944/11075/1410/9353/163782/79822/7082/4653"
"GO-BP","GO:1902600","proton transmembrane transport",185,-0.637344747699437,-1.31790639949911,0.0315315315315315,1,"285641/267020/153201/284525/81031/92736/389015/477/5349/6572/6564/53828"
"GO-BP","GO:0009615","response to virus",387,0.464064790333406,1.31375091718377,0.005339411702226,0.697683129090864,"730249/6387/1755/282617/6355/439996/10964/3627/3437/91543/3434/11274/10561/8638/3429/9636/2537/4940/4599/4938/51191/3433/4939/11074/55601/10410/3665/117854/5610/89870/8519/6772/83666/2633/79132/4600/5359/81030/24138/64108/10346/6773/23586/91351/388646/3669/64135/56832/684/3965/4343/9447/151636/5371/115362/51251/85363/100033819/200315/246778/10379/55337/55509/6375/7124/3428/282616/7098/9582/3458/103/388419/10581/9111/2635/200316/2634/57169/81622/7706/51561/5366/30009/60489/6737/25939/56829/81844/27350/338376/3440"
"GO-BP","GO:0016485","protein processing",217,-0.624471943778445,-1.30842279404833,0.0372881355932203,1,"2147/9407/9508/3083/1363/1369/132724/5327/5648/7093/1511/5122/3240/169026/360226/2160/28983/255738/203074/3426/5126/283471/2158/4325/7142/26022"
"GO-BP","GO:0048568","embryonic organ development",231,-0.627343084649463,-1.30564681018361,0.0287610619469027,1,"5076/145258/3227/3219/187/3791/2295/121643/10763/7477/6495/7291/6909/54345/9096/1909/3225/4254/6943/2736/3237/3235/137814/3207/130497/6299/2668/10083"
"GO-BP","GO:0016032","viral process",364,0.464400589495763,1.29581241636756,0.00882614961544491,0.783603257895897,"282617/6346/6355/5629/7113/6347/27074/91543/3434/8638/9636/4940/6614/4599/4938/10332/4939/11074/858/10410/3665/117854/5610/89870/8519/6772/83666/5359/24138/56649/388646/3669/64135/684/9023/3965/85363/200315/84875/55337/7124/51510/3428/551/9582/1956/103/388419/10581/1234/6672/558/200316/9830/57169/950/407007/7706/2838/3304/60489/6737/6590/1803/56829/27350"
"GO-BP","GO:0019216","regulation of lipid metabolic process",303,-0.604363530689801,-1.28614688474998,0.031813361611877,1,"50487/3952/132671/10891/344/407039/8647/7069/339221/768218/33/64137/7291/27120/552/155/3358/6591/54575/12/2168/337/54658"
"GO-BP","GO:0048732","gland development",210,-0.609635486351018,-1.28003761146967,0.044296788482835,1,"4313/1373/27023/8456/2322/5449/9076/8862/7477/6495/247/2691/255738/7473/1909/6943/2736/256297/54575/3207/6299/54658"
"GO-BP","GO:0010212","response to ionizing radiation",115,0.533210824048339,1.27766956509128,0.0365620779899645,1,"2138/6354/3627/3934/7412/64240/55693/675/7124/10413/3428/1026"
"GO-BP","GO:0006631","fatty acid metabolic process",367,-0.591341416441142,-1.27177426728467,0.03125,1,"126129/341/9536/242/2693/341392/50487/3952/4051/134526/4023/10891/344/199974/407039/8647/641372/64600/59344/768218/33/158833/28965/1544/247/7291/2169/1555/552/348158/253017/54575/5563/1579/337/54658"
"GO-BP","GO:0001659","temperature homeostasis",190,0.488524795138713,1.26613777823265,0.0485321937357433,1,"2303/8929/4159/64641/3226/6588/4858/134/3934/6343/23090/4237/5618/4883/83401/1621/2697/3565/7124/8792/10912/10874"
"GO-BP","GO:0034329","cell junction assembly",468,-0.578452134925744,-1.25521281368922,0.0263902375986346,1,"41/26050/6422/1826/2890/1013/2895/287/59341/627/10391/2706/1829/64284/286676/7010/22998/9076/187/3791/5649/10052/402665/4916/3605/56131/27286/5789/9074/64405/2705/50863/2566/9369/80059/2557/1004/114784/7082/1830/53942/28513/4653/6910/869/2042/2555/1006/84631/6591/22829/2559/40/1812/1009/22899/2567"
"GO-BP","GO:0001501","skeletal system development",318,-0.584782507026686,-1.25288228758394,0.0488322717622081,1,"81792/60484/3952/6899/1116/284266/2201/116039/158326/4148/81031/59341/3227/344901/3219/2487/4880/26254/579/5307/25884/5744/1747/7477/6495/7291/8200/1909/415/3225/5075/4653/2736/3237/3235/6591/3207/130497/1750/1009/6781/4325"
"GO-BP","GO:0098771","inorganic ion homeostasis",381,0.429641800051534,1.20887488386604,0.0316660271916157,1,"57158/6387/4159/1816/134288/4499/4496/4489/6346/4490/6355/4495/1814/4501/4493/479/6358/6354/4502/3736/84560/134/6338/9843/6357/645745/6543/1268/7779/4494/4504/3934/858/6368/3741/7222/525/7052/492/2852/496"
